UF,IBGE,Adesão,NOME_MUNICIPIO,ENTIDADE
PR,410010,Sim,ABATIA,SECRETARIA MUNICIPAL DE SAUDE DE ABATIA/PR
PR,410020,Sim,ADRIANOPOLIS,SECRETARIA MUNICIPAL DE SAUDE DE ADRIANOPOLIS/PR
PR,410030,Sim,AGUDOS DO SUL,SECRETARIA MUNICIPAL DE SAUDE DE AGUDOS DO SUL/PR
PR,410040,Não,ALMIRANTE TAMANDARÉ,
PR,410045,Sim,ALTAMIRA DO PARANA,SECRETARIA MUNICIPAL DE SAUDE DE ALTAMIRA DO PARANA/PR
PR,410050,Sim,ALTONIA,SECRETARIA MUNICIPAL DE SAUDE DE ALTONIA/PR
PR,410060,Sim,ALTO PARANA,SECRETARIA MUNICIPAL DE SAUDE DE ALTO PARANA/PR
PR,410070,Sim,ALTO PIQUIRI,SECRETARIA MUNICIPAL DE SAUDE DE ALTO PIQUIRI/PR
PR,410080,Sim,ALVORADA DO SUL,SECRETARIA MUNICIPAL DE SAUDE DE ALVORADA DO SUL/PR
PR,410090,Sim,AMAPORA,SECRETARIA MUNICIPAL DE SAUDE DE AMAPORA/PR
PR,410100,Sim,AMPERE,SECRETARIA MUNICIPAL DE SAUDE DE AMPERE/PR
PR,410105,Sim,ANAHY,SECRETARIA MUNICIPAL DE SAUDE DE ANAHY/PR
PR,410110,Sim,ANDIRA,SECRETARIA MUNICIPAL DE SAUDE DE ANDIRA/PR
PR,410115,Não,ÂNGULO,
PR,410120,Sim,ANTONINA,SECRETARIA MUNICIPAL DE SAUDE DE ANTONINA/PR
PR,410130,Sim,ANTONIO OLINTO,SECRETARIA MUNICIPAL DE SAUDE DE ANTONIO OLINTO/PR
PR,410140,Sim,APUCARANA,SECRETARIA MUNICIPAL DE SAUDE DE APUCARANA/PR
PR,410150,Sim,ARAPONGAS,SECRETARIA MUNICIPAL DE SAUDE DE ARAPONGAS/PR
PR,410160,Sim,ARAPOTI,SECRETARIA MUNICIPAL DE SAUDE DE ARAPOTI/PR
PR,410165,Sim,ARAPUA,SECRETARIA MUNICIPAL DE SAUDE DE ARAPUA/PR
PR,410170,Sim,ARARUNA,SECRETARIA MUNICIPAL DE SAUDE DE ARARUNA/PR
PR,410180,Sim,ARAUCARIA,SECRETARIA MUNICIPAL DE SAUDE DE ARAUCARIA/PR
PR,410185,Sim,ARIRANHA DO IVAI,SECRETARIA MUNICIPAL DE SAUDE DE ARIRANHA DO IVAI/PR
PR,410190,Sim,ASSAI,SECRETARIA MUNICIPAL DE SAUDE DE ASSAI/PR
PR,410200,Sim,ASSIS CHATEAUBRIAND,SECRETARIA MUNICIPAL DE SAUDE DE ASSIS CHATEAUBRIAND/PR
PR,410210,Não,ASTORGA,
PR,410220,Não,ATALAIA,
PR,410230,Sim,BALSA NOVA,SECRETARIA MUNICIPAL DE SAUDE DE BALSA NOVA/PR
PR,410240,Sim,BANDEIRANTES,SECRETARIA MUNICIPAL DE SAUDE DE BANDEIRANTES/PR
PR,410250,Sim,BARBOSA FERRAZ,SECRETARIA MUNICIPAL DE SAUDE DE BARBOSA FERRAZ/PR
PR,410260,Sim,BARRACAO,SECRETARIA MUNICIPAL DE SAUDE DE BARRACAO/PR
PR,410270,Sim,BARRA DO JACARE,SECRETARIA MUNICIPAL DE SAUDE DE BARRA DO JACARE/PR
PR,410275,Sim,BELA VISTA DA CAROBA,SECRETARIA MUNICIPAL DE SAUDE DE BELA VISTA DO CAROBA/PR
PR,410280,Sim,BELA VISTA DO PARAISO,SECRETARIA MUNICIPAL DE SAUDE DE BELA VISTA DO PARAISO/PR
PR,410290,Sim,BITURUNA,SECRETARIA MUNICIPAL DE SAUDE DE BITURUNA/PR
PR,410300,Sim,BOA ESPERANCA,SECRETARIA MUNICIPAL DE SAUDE DE BOA ESPERANCA/PR
PR,410302,Sim,BOA ESPERANCA DO IGUACU,SECRETARIA MUNICIPAL DE SAUDE DE BOA ESPERANCA DO IGUACU/PR
PR,410304,Sim,BOA VENTURA DE SAO ROQUE,SECRETARIA MUNICIPAL DE SAUDE DE BOA VENTURA DE SAO ROQUE/PR
PR,410305,Sim,BOA VISTA DA APARECIDA,SECRETARIA MUNICIPAL DE SAUDE DE BOA VISTA DA APARECIDA/PR
PR,410310,Sim,BOCAIUVA DO SUL,SECRETARIA MUNICIPAL DE SAUDE DE BOCAIUVA DO SUL/PR
PR,410315,Sim,BOM JESUS DO SUL,SECRETARIA MUNICIPAL DE SAUDE DE BOM JESUS DO SUL/PR
PR,410320,Sim,BOM SUCESSO,SECRETARIA MUNICIPAL DE SAUDE DE BOM SUCESSO/PR
PR,410322,Sim,BOM SUCESSO DO SUL,SECRETARIA MUNICIPAL DE SAUDE DE BOM SUCESSO DO SUL/PR
PR,410330,Sim,BORRAZOPOLIS,SECRETARIA MUNICIPAL DE SAUDE DE BORRAZOPOLIS/PR
PR,410335,Sim,BRAGANEY,SECRETARIA MUNICIPAL DE SAUDE DE BRAGANEY/PR
PR,410337,Sim,BRASILANDIA DO SUL,SECRETARIA MUNICIPAL DE SAUDE DE BRASILANDIA DO SUL/PR
PR,410340,Sim,CAFEARA,SECRETARIA MUNICIPAL DE SAUDE DE CAFEARA/PR
PR,410345,Sim,CAFELANDIA,SECRETARIA MUNICIPAL DE SAUDE DE CAFELANDIA/PR
PR,410347,Sim,CAFEZAL DO SUL,SECRETARIA MUNICIPAL DE SAUDE DE CAFEZAL DO SUL/PR
PR,410350,Não,CALIFÓRNIA,
PR,410360,Sim,CAMBARA,SECRETARIA MUNICIPAL DE SAUDE DE CAMBARA/PR
PR,410370,Sim,CAMBE,SECRETARIA MUNICIPAL DE SAUDE DE CAMBE/PR
PR,410380,Sim,CAMBIRA,SECRETARIA MUNICIPAL DE SAUDE DE CAMBIRA/PR
PR,410390,Sim,CAMPINA DA LAGOA,SECRETARIA MUNICIPAL DE SAUDE DE CAMPINA DA LAGOA/PR
PR,410395,Sim,CAMPINA DO SIMAO,SECRETARIA MUNICIPAL DE SAUDE DE CAMPINA DO SIMAO/PR
PR,410400,Sim,CAMPINA GRANDE DO SUL,SECRETARIA MUNICIPAL DE SAUDE DE CAMPINA GRANDE DO SUL/PR
PR,410405,Sim,CAMPO BONITO,SECRETARIA MUNICIPAL DE SAUDE DE CAMPO BONITO/PR
PR,410410,Sim,CAMPO DO TENENTE,SECRETARIA MUNICIPAL DE SAUDE DE CAMPO DO TENENTE/PR
PR,410420,Sim,CAMPO LARGO,SECRETARIA MUNICIPAL DE SAUDE DE CAMPO LARGO/PR
PR,410425,Sim,CAMPO MAGRO,SECRETARIA MUNICIPAL DE SAUDE DE CAMPO MAGRO/PR
PR,410430,Sim,CAMPO MOURAO,SECRETARIA MUNICIPAL DE SAUDE DE CAMPO MOURAO/PR
PR,410440,Sim,CANDIDO DE ABREU,SECRETARIA MUNICIPAL DE SAUDE DE CANDIDO DE ABREU/PR
PR,410442,Sim,CANDOI,SECRETARIA MUNICIPAL DE SAUDE DE CANDOI/PR
PR,410445,Sim,CANTAGALO,SECRETARIA MUNICIPAL DE SAUDE DE CANTAGALO/PR
PR,410450,Sim,CAPANEMA,SECRETARIA MUNICIPAL DE SAUDE DE CAPANEMA/PR
PR,410460,Sim,CAPITAO LEONIDAS MARQUES, SECRETARIA MUNICIPAL DE SAUDE  - CENTRO DE SAUDE - DE CAP. LEONIDAS MARQUES/PR
PR,410465,Sim,CARAMBEI,SECRETARIA MUNICIPAL DE SAUDE DE CARAMBEI/PR
PR,410470,Sim,CARLOPOLIS,SECRETARIA MUNICIPAL DE SAUDE DE CARLOPOLIS/PR
PR,410480,Sim,CASCAVEL,SECRETARIA MUNICIPAL DE SAUDE DE CASCAVEL/PR
PR,410490,Sim,CASTRO,SECRETARIA MUNICIPAL DE SAUDE DE CASTRO/PR
PR,410500,Sim,CATANDUVAS,SECRETARIA MUNICIPAL DE SAUDE DE CATANDUVAS/PR
PR,410510,Sim,CENTENARIO DO SUL,SECRETARIA MUNICIPAL DE SAUDE DE CENTENARIO DO SUL/PR
PR,410520,Sim,CERRO AZUL,SECRETARIA MUNICIPAL DE SAUDE DE CERRO AZUL/PR
PR,410530,Sim,CEU AZUL,SECRETARIA MUNICIPAL DE SAUDE DE CEU AZUL/PR
PR,410540,Sim,CHOPINZINHO,SECRETARIA MUNICIPAL DE SAUDE DE CHOPINZINHO/PR
PR,410550,Sim,CIANORTE,SECRETARIA MUNICIPAL DE SAUDE DE CIANORTE/PR
PR,410560,Sim,CIDADE GAUCHA,SECRETARIA MUNICIPAL DE SAUDE DE CIDADE GAUCHA/PR
PR,410570,Sim,CLEVELANDIA,SECRETARIA MUNICIPAL DE SAUDE DE CLEVELANDIA/PR
PR,410580,Sim,COLOMBO,SECRETARIA MUNICIPAL DE SAUDE DE COLOMBO/PR
PR,410590,Não,COLORADO,
PR,410600,Sim,CONGONHINHAS,SECRETARIA MUNICIPAL DE SAUDE DE CONGONHINHAS/PR
PR,410610,Sim,CONSELHEIRO MAIRINCK,SECRETARIA MUNICIPAL DE SAUDE DE CONSELHEIRO MAIRINCK/PR
PR,410620,Sim,CONTENDA,SECRETARIA MUNICIPAL DE SAUDE DE CONTENDA/PR
PR,410630,Sim,CORBELIA,SECRETARIA MUNICIPAL DE SAUDE DE CORBELIA/PR
PR,410640,Sim,CORNELIO PROCOPIO,SECRETARIA MUNICIPAL DE SAUDE DE CORNELIO PROCOPIO/PR
PR,410645,Sim,CORONEL DOMINGOS SOARES,SECRETARIA MUNICIPAL DE SAUDE DE CORONEL DOMINGOS SOARES/PR
PR,410650,Sim,CORONEL VIVIDA,SECRETARIA MUNICIPAL DE SAUDE DE CORONEL VIVIDA/PR
PR,410655,Sim,CORUMBATAI DO SUL,SECRETARIA MUNICIPAL DE SAUDE DE CORUMBATAI DO SUL/PR
PR,410657,Sim,CRUZEIRO DO IGUACU,SECRETARIA MUNICIPAL DE SAUDE DE CRUZEIRO DO IGUACU/PR
PR,410660,Sim,CRUZEIRO DO OESTE,SECRETARIA MUNICIPAL DE SAUDE DE CRUZEIRO DO OESTE/PR
PR,410670,Sim,CRUZEIRO DO SUL,SECRETARIA MUNICIPAL DE SAUDE DE CRUZEIRO DO SUL/PR
PR,410680,Sim,CRUZ MACHADO,SECRETARIA MUNICIPAL DE SAUDE DE CRUZ MACHADO/PR
PR,410685,Sim,CRUZMALTINA,SECRETARIA MUNICIPAL DE SAUDE DE CRUZMALTINA/PR
PR,410690,Sim,CURITIBA,SECRETARIA MUNICIPAL DE SAUDE DE CURITIBA/PR
PR,410700,Sim,CURIUVA,SECRETARIA MUNICIPAL DE SAUDE DE CURIUVA/PR
PR,410710,Sim,DIAMANTE DO NORTE,SECRETARIA MUNICIPAL DE SAUDE DE DIAMANTE DO NORTE/PR
PR,410712,Sim,DIAMANTE DO SUL,SECRETARIA MUNICIPAL DE SAUDE DE DIAMANTE DO SUL/PR
PR,410715,Sim,DIAMANTE D'OESTE,SECRETARIA MUNICIPAL DE SAUDE DE DIAMANTE D OESTE/PR
PR,410720,Sim,DOIS VIZINHOS,SECRETARIA MUNICIPAL DE SAUDE DE DOIS VIZINHOS/PR
PR,410725,Sim,DOURADINA,SECRETARIA MUNICIPAL DE SAUDE DE DOURADINA/PR
PR,410730,Não,DOUTOR CAMARGO,
PR,410740,Sim,ENEAS MARQUES,SECRETARIA MUNICIPAL DE SAUDE DE ENEAS MARQUES/PR
PR,410750,Sim,ENGENHEIRO BELTRAO,SECRETARIA MUNICIPAL DE SAUDE DE ENGENHEIRO BELTRAO/PR
PR,410752,Sim,ESPERANCA NOVA,SECRETARIA MUNICIPAL DE SAUDE DE ESPERANCA NOVA/PR
PR,410753,Sim,ENTRE RIOS DO OESTE,SECRETARIA MUNICIPAL DE SAUDE DE ENTRE RIOS DO OESTE/PR
PR,410754,Sim,ESPIGAO ALTO DO IGUACU,SECRETARIA MUNICIPAL DE SAUDE DE ESPIGAO ALTO DO IGUACU/PR
PR,410755,Sim,FAROL,SECRETARIA MUNICIPAL DE SAUDE DE FAROL/PR
PR,410760,Sim,FAXINAL,SECRETARIA MUNICIPAL DE SAUDE DE FAXINAL/PR
PR,410765,Sim,FAZENDA RIO GRANDE,SECRETARIA MUNICIPAL DE SAUDE DE FAZENDA RIO GRANDE
PR,410770,Sim,FENIX,SECRETARIA MUNICIPAL DE SAUDE DE FENIX/PR
PR,410773,Sim,FERNANDES PINHEIRO,SECRETARIA MUNICIPAL DE SAUDE DE FERNANDES PINHEIRO/PR
PR,410775,Sim,FIGUEIRA,SECRETARIA MUNICIPAL DE SAUDE DE FIGUEIRA/PR
PR,410780,Não,FLORAÍ,
PR,410785,Sim,FLOR DA SERRA DO SUL,SECRETARIA MUNICIPAL DE SAUDE DE FLOR DA SERRA DO SUL/PR
PR,410790,Não,FLORESTA,
PR,410800,Sim,FLORESTOPOLIS,SECRETARIA MUNICIPAL DE SAUDE DE FLORESTOPOLIS/PR
PR,410810,Não,FLÓRIDA,
PR,410820,Sim,FORMOSA DO OESTE,SECRETARIA MUNICIPAL DE SAUDE DE FORMOSA DO OESTE/PR
PR,410830,Sim,FOZ DO IGUACU,SECRETARIA MUNICIPAL DE SAUDE DE FOZ DO IGUACU/PR
PR,410832,Sim,FRANCISCO ALVES,SECRETARIA MUNICIPAL DE SAUDE DE FRANCISCO ALVES/PR
PR,410840,Sim,FRANCISCO BELTRAO,SECRETARIA MUNICIPAL DE SAUDE DE FRANCISCO BELTRAO/PR
PR,410845,Sim,FOZ DO JORDAO,SECRETARIA MUNICIPAL DE SAUDE DE FOZ DO JORDAO/PR
PR,410850,Sim,GENERAL CARNEIRO,SECRETARIA MUNICIPAL DE SAUDE DE GENERAL CARNEIRO/PR
PR,410855,Sim,GODOY MOREIRA,SECRETARIA MUNICIPAL DE SAUDE DE GODOY MOREIRA/PR
PR,410860,Sim,GOIOERE,SECRETARIA MUNICIPAL DE SAUDE DE GOIOERE/PR
PR,410865,Sim,GOIOXIM,SECRETARIA MUNICIPAL DE SAUDE DE GOIOXIM/PR
PR,410870,Sim,GRANDES RIOS,SECRETARIA MUNICIPAL DE SAUDE DE GRANDES RIOS/PR
PR,410880,Sim,GUAIRA,SECRETARIA MUNICIPAL DE SAUDE DE GUAIRA/PR
PR,410890,Sim,GUAIRACA,SECRETARIA MUNICIPAL DE SAUDE DE GUAIRACA/PR
PR,410895,Sim,GUAMIRANGA,SECRETARIA MUNICIPAL DE SAUDE DE GUAMIRANGA/PR
PR,410900,Sim,GUAPIRAMA,SECRETARIA MUNICIPAL DE SAUDE DE GUAPIRAMA/PR
PR,410910,Sim,GUAPOREMA,SECRETARIA MUNICIPAL DE SAUDE DE GUAPOREMA/PR
PR,410920,Sim,GUARACI,SECRETARIA MUNICIPAL DE SAUDE DE GUARACI/PR
PR,410930,Sim,GUARANIACU,SECRETARIA MUNICIPAL DE SAUDE DE GUARANIACU/PR
PR,410940,Sim,GUARAPUAVA,SECRETARIA MUNICIPAL DE SAUDE DE GUARAPUAVA/PR
PR,410950,Sim,GUARAQUECABA,SECRETARIA MUNICIPAL DE SAUDE DE GUARAQUECABA/PR
PR,410960,Sim,GUARATUBA,SECRETARIA MUNICIPAL DE SAUDE DE GUARATUBA/PR
PR,410965,Sim,HONORIO SERPA,SECRETARIA MUNICIPAL DE SAUDE DE HONORIO SERPA/PR
PR,410970,Sim,IBAITI,SECRETARIA MUNICIPAL DE SAUDE DE IBAITI/PR
PR,410975,Sim,IBEMA,SECRETARIA MUNICIPAL DE SAUDE DE IBEMA/PR
PR,410980,Sim,IBIPORA,SECRETARIA MUNICIPAL DE SAUDE DE IBIPORA/PR
PR,410990,Sim,ICARAIMA,SECRETARIA MUNICIPAL DE SAUDE DE ICARAIMA/PR
PR,411000,Não,IGUARAÇU,
PR,411005,Sim,IGUATU,SECRETARIA MUNICIPAL DE SAUDE DE IGUATU/PR
PR,411007,Sim,IMBAU,SECRETARIA MUNICIPAL DE SAUDE DE IMBAU/PR
PR,411010,Sim,IMBITUVA,SECRETARIA MUNICIPAL DE SAUDE DE IMBITUVA/PR
PR,411020,Sim,INACIO MARTINS,SECRETARIA MUNICIPAL DE SAUDE DE INACIO MARTINS/PR
PR,411030,Sim,INAJA,SECRETARIA MUNICIPAL DE SAUDE DE INAJA/PR
PR,411040,Sim,INDIANOPOLIS,SECRETARIA MUNICIPAL DE SAUDE DE INDIANOPOLIS/PR
PR,411050,Sim,IPIRANGA,SECRETARIA MUNICIPAL DE SAUDE DE IPIRANGA/PR
PR,411060,Sim,IPORA,SECRETARIA MUNICIPAL DE SAUDE DE IPORA/PR
PR,411065,Sim,IRACEMA DO OESTE,SECRETARIA MUNICIPAL DE SAUDE DE IRACEMA DO OESTE/PR
PR,411070,Sim,IRATI,SECRETARIA MUNICIPAL DE SAUDE DE IRATI/PR
PR,411080,Sim,IRETAMA,SECRETARIA MUNICIPAL DE SAUDE DE IRETAMA/PR
PR,411090,Não,ITAGUAJÉ,
PR,411095,Sim,ITAIPULANDIA,SECRETARIA MUNICIPAL DE SAUDE DE ITAIPULANDIA/PR
PR,411100,Sim,ITAMBARACA,SECRETARIA MUNICIPAL DE SAUDE DE ITAMBARACA/PR
PR,411110,Não,ITAMBÉ,
PR,411120,Sim,ITAPEJARA D'OESTE,SECRETARIA MUNICIPAL DE SAUDE DE ITAPEJARA DE OESTE/PR
PR,411125,Sim,ITAPERUCU,SECRETARIA MUNICIPAL DE SAUDE DE ITAPERUCU/PR
PR,411130,Sim,ITAUNA DO SUL,SECRETARIA MUNICIPAL DE SAUDE DE ITAUNA DO SUL/PR
PR,411140,Sim,IVAI,SECRETARIA MUNICIPAL DE SAUDE DE IVAI/PR
PR,411150,Sim,IVAIPORA,SECRETARIA MUNICIPAL DE SAUDE DE IVAIPORA/PR
PR,411155,Sim,IVATE,SECRETARIA MUNICIPAL DE SAUDE DE IVATE/PR
PR,411160,Não,IVATUBA,
PR,411170,Sim,JABOTI,SECRETARIA MUNICIPAL DE SAUDE DE JABOTI/PR
PR,411180,Sim,JACAREZINHO,SECRETARIA MUNICIPAL DE SAUDE DE JACAREZINHO/PR
PR,411190,Sim,JAGUAPITA,SECRETARIA MUNICIPAL DE SAUDE DE JAGUAPITA/PR
PR,411200,Sim,JAGUARIAIVA,SECRETARIA MUNICIPAL DE SAUDE DE JAGUARIAIVA/PR
PR,411210,Sim,JANDAIA DO SUL,SECRETARIA MUNICIPAL DE SAUDE DE JANDAIA DO SUL/PR
PR,411220,Sim,JANIOPOLIS,SECRETARIA MUNICIPAL DE SAUDE DE JANIOPOLIS/PR
PR,411230,Sim,JAPIRA,SECRETARIA MUNICIPAL DE SAUDE DE JAPIRA/PR
PR,411240,Sim,JAPURA,SECRETARIA MUNICIPAL DE SAUDE DE JAPURA/PR
PR,411250,Sim,JARDIM ALEGRE,SECRETARIA MUNICIPAL DE SAUDE DE JARDIM ALEGRE/PR
PR,411260,Sim,JARDIM OLINDA,SECRETARIA MUNICIPAL DE SAUDE DE JARDIM OLINDA/PR
PR,411270,Sim,JATAIZINHO,SECRETARIA MUNICIPAL DE SAUDE DE JATAIZINHO/PR
PR,411275,Sim,JESUITAS,SECRETARIA MUNICIPAL DE SAUDE DE JESUITAS/PR
PR,411280,Sim,JOAQUIM TAVORA,SECRETARIA MUNICIPAL DE SAUDE DE JOAQUIM TAVORA/PR
PR,411290,Sim,JUNDIAI DO SUL,SECRETARIA MUNICIPAL DE SAUDE DE JUNDIAI DO SUL/PR
PR,411295,Sim,JURANDA,SECRETARIA MUNICIPAL DE SAUDE DE JURANDA/PR
PR,411300,Sim,JUSSARA,SECRETARIA MUNICIPAL DE SAUDE DE JUSSARA/PR
PR,411310,Sim,KALORE,SECRETARIA MUNICIPAL DE SAUDE DE KALORE/PR
PR,411320,Sim,LAPA,SECRETARIA MUNICIPAL DE SAUDE DE LAPA/PR
PR,411325,Sim,LARANJAL,SECRETARIA MUNICIPAL DE SAUDE DE LARANJAL/PR
PR,411330,Sim,LARANJEIRAS DO SUL,SECRETARIA MUNICIPAL DE SAUDE DE LARANJEIRAS DO SUL/PR
PR,411340,Sim,LEOPOLIS,SECRETARIA MUNICIPAL DE SAUDE DE LEOPOLIS/PR
PR,411342,Sim,LIDIANOPOLIS,SECRETARIA MUNICIPAL DE SAUDE DE LIDIANOPOLIS/PR
PR,411345,Sim,LINDOESTE,SECRETARIA MUNICIPAL DE SAUDE DE LINDOESTE/PR
PR,411350,Sim,LOANDA,SECRETARIA MUNICIPAL DE SAUDE DE LOANDA/PR
PR,411360,Não,LOBATO,
PR,411370,Sim,LONDRINA,SECRETARIA MUNICIPAL DE SAUDE DE LONDRINA/PR
PR,411373,Sim,LUIZIANA,SECRETARIA MUNICIPAL DE SAUDE DE LUIZIANA/PR
PR,411375,Sim,LUNARDELLI,SECRETARIA MUNICIPAL DE SAUDE DE LUNARDELLI/PR
PR,411380,Sim,LUPIONOPOLIS,SECRETARIA MUNICIPAL DE SAUDE DE LUPIONOPOLIS/PR
PR,411390,Sim,MALLET,SECRETARIA MUNICIPAL DE SAUDE DE MALLET/PR
PR,411400,Sim,MAMBORE,SECRETARIA MUNICIPAL DE SAUDE DE MAMBORE/PR
PR,411410,Não,MANDAGUAÇU,
PR,411420,Não,MANDAGUARI,
PR,411430,Sim,MANDIRITUBA,SECRETARIA MUNICIPAL DE SAUDE DE MANDIRITUBA/PR
PR,411435,Sim,MANFRINOPOLIS,SECRETARIA MUNICIPAL DE SAUDE DE MANFRINOPOLIS/PR
PR,411440,Sim,MANGUEIRINHA,SECRETARIA MUNICIPAL DE SAUDE DE MANGUEIRINHA/PR
PR,411450,Sim,MANOEL RIBAS,SECRETARIA MUNICIPAL DE SAUDE DE MANOEL RIBAS/PR
PR,411460,Sim,MARECHAL CANDIDO RONDON,SECRETARIA MUNICIPAL DE SAUDE DE MARECHAL CANDIDO RONDON/PR
PR,411470,Sim,MARIA HELENA,SECRETARIA MUNICIPAL DE SAUDE DE MARIA HELENA/PR
PR,411480,Não,MARIALVA,
PR,411490,Sim,MARILANDIA DO SUL,SECRETARIA MUNICIPAL DE SAUDE DE MARILANDIA DO SUL/PR
PR,411500,Sim,MARILENA,SECRETARIA MUNICIPAL DE SAUDE DE MARILENA/PR
PR,411510,Sim,MARILUZ,SECRETARIA MUNICIPAL DE SAUDE DE MARILUZ/PR
PR,411520,Não,MARINGÁ,
PR,411530,Sim,MARIOPOLIS,SECRETARIA MUNICIPAL DE SAUDE DE MARIOPOLIS/PR
PR,411535,Sim,MARIPA,SECRETARIA MUNICIPAL DE SAUDE DE MARIPA/PR
PR,411540,Sim,MARMELEIRO,SECRETARIA MUNICIPAL DE SAUDE DE MARMELEIRO/PR
PR,411545,Sim,MARQUINHO,SECRETARIA MUNICIPAL DE SAUDE DE MARQUINHO/PR
PR,411550,Sim,MARUMBI,SECRETARIA MUNICIPAL DE SAUDE DE MARUMBI/PR
PR,411560,Sim,MATELANDIA,SECRETARIA MUNICIPAL DE SAUDE DE MATELANDIA/PR
PR,411570,Sim,MATINHOS,SECRETARIA MUNICIPAL DE SAUDE DE MATINHOS/PR
PR,411573,Sim,MATO RICO,SECRETARIA MUNICIPAL DE SAUDE DE MATO RICO/PR
PR,411575,Sim,MAUA DA SERRA,SECRETARIA MUNICIPAL DE SAUDE DE MAUA DA SERRA/PR
PR,411580,Sim,MEDIANEIRA,SECRETARIA MUNICIPAL DE SAUDE DE MEDIANEIRA/PR
PR,411585,Sim,MERCEDES,SECRETARIA MUNICIPAL DE SAUDE DE MERCEDES/PR
PR,411590,Sim,MIRADOR,SECRETARIA MUNICIPAL DE SAUDE DE MIRADOR/PR
PR,411600,Sim,MIRASELVA,SECRETARIA MUNICIPAL DE SAUDE DE MIRASELVA/PR
PR,411605,Sim,MISSAL,SECRETARIA MUNICIPAL DE SAUDE DE MISSAL/PR
PR,411610,Sim,MOREIRA SALES,SECRETARIA MUNICIPAL DE SAUDE DE MOREIRA SALES/PR
PR,411620,Sim,MORRETES,SECRETARIA MUNICIPAL DE SAUDE DE MORRETES/PR
PR,411630,Não,MUNHOZ DE MELO,
PR,411640,Não,NOSSA SENHORA DAS GRAÇAS,
PR,411650,Sim,NOVA ALIANCA DO IVAI,SECRETARIA MUNICIPAL DE SAUDE DE NOVA ALIANCA DO IVAI/PR
PR,411660,Sim,NOVA AMERICA DA COLINA,SECRETARIA MUNICIPAL DE SAUDE DE NOVA AMERICA DA COLINA/PR
PR,411670,Sim,NOVA AURORA,SECRETARIA MUNICIPAL DE SAUDE DE NOVA AURORA/PR
PR,411680,Sim,NOVA CANTU,SECRETARIA MUNICIPAL DE SAUDE DE NOVA CANTU/PR
PR,411690,Não,NOVA ESPERANÇA,
PR,411695,Sim,NOVA ESPERANCA DO SUDOESTE,SECRETARIA MUNICIPAL DE SAUDE DE NOVA ESPERANCA DO SUDOESTE/PR
PR,411700,Sim,NOVA FATIMA,SECRETARIA MUNICIPAL DE SAUDE DE NOVA FATIMA/PR
PR,411705,Sim,NOVA LARANJEIRAS,SECRETARIA MUNICIPAL DE SAUDE DE NOVA LARANJEIRAS/PR
PR,411710,Sim,NOVA LONDRINA,SECRETARIA MUNICIPAL DE SAUDE DE NOVA LONDRINA/PR
PR,411720,Sim,NOVA OLIMPIA,SECRETARIA MUNICIPAL DE SAUDE DE NOVA OLIMPIA/PR
PR,411721,Sim,NOVA SANTA BARBARA,SECRETARIA MUNICIPAL DE SAUDE DE NOVA SANTA BARBARA/PR
PR,411722,Sim,NOVA SANTA ROSA,SECRETARIA MUNICIPAL DE SAUDE DE NOVA SANTA ROSA/PR
PR,411725,Sim,NOVA PRATA DO IGUACU,SECRETARIA MUNICIPAL DE SAUDE DE NOVA PRATA DO IGUACU/PR
PR,411727,Sim,NOVA TEBAS,SECRETARIA MUNICIPAL DE SAUDE DE NOVA TEBAS/PR
PR,411729,Sim,NOVO ITACOLOMI,SECRETARIA MUNICIPAL DE SAUDE DE NOVO ITACOLOMI/PR
PR,411730,Sim,ORTIGUEIRA,SECRETARIA MUNICIPAL DE SAUDE DE ORTIGUEIRA/PR
PR,411740,Não,OURIZONA,
PR,411745,Sim,OURO VERDE DO OESTE,SECRETARIA MUNICIPAL DE SAUDE DE OURO VERDE D OESTE/PR
PR,411750,Não,PAIÇANDU,
PR,411760,Sim,PALMAS,SECRETARIA MUNICIPAL DE SAUDE DE PALMAS/PR
PR,411770,Sim,PALMEIRA,SECRETARIA MUNICIPAL DE SAUDE DE PALMEIRA/PR
PR,411780,Sim,PALMITAL,SECRETARIA MUNICIPAL DE SAUDE DE PALMITAL/PR
PR,411790,Sim,PALOTINA,SECRETARIA MUNICIPAL DE SAUDE DE PALOTINA/PR
PR,411800,Sim,PARAISO DO NORTE,SECRETARIA MUNICIPAL DE SAUDE DE PARAISO DO NORTE/PR
PR,411810,Não,PARANACITY,
PR,411820,Sim,PARANAGUA,SECRETARIA MUNICIPAL DE SAUDE DE PARANAGUA/PR
PR,411830,Sim,PARANAPOEMA,SECRETARIA MUNICIPAL DE SAUDE DE PARANAPOEMA/PR
PR,411840,Sim,PARANAVAI,SECRETARIA MUNICIPAL DE SAUDE DE PARANAVAI/PR
PR,411845,Sim,PATO BRAGADO,SECRETARIA MUNICIPAL DE SAUDE DE PATO BRAGADO/PR
PR,411850,Sim,PATO BRANCO,SECRETARIA MUNICIPAL DE SAUDE DE PATO BRANCO/PR
PR,411860,Sim,PAULA FREITAS,SECRETARIA MUNICIPAL DE SAUDE DE PAULA FREITAS/PR
PR,411870,Sim,PAULO FRONTIN,SECRETARIA MUNICIPAL DE SAUDE DE PAULO FRONTIN/PR
PR,411880,Sim,PEABIRU,SECRETARIA MUNICIPAL DE SAUDE DE PEABIRU/PR
PR,411885,Sim,PEROBAL,SECRETARIA MUNICIPAL DE SAUDE DE PEROBAL/PR
PR,411890,Sim,PEROLA,SECRETARIA MUNICIPAL DE SAUDE DE PEROLA/PR
PR,411900,Sim,PEROLA D'OESTE,SECRETARIA MUNICIPAL DE SAUDE DE PEROLA DO OESTE/PR
PR,411910,Sim,PIEN,SECRETARIA MUNICIPAL DE SAUDE DE PIEN/PR
PR,411915,Sim,PINHAIS,SECRETARIA MUNICIPAL DE SAUDE DE PINHAIS/PR
PR,411920,Sim,PINHALAO,SECRETARIA MUNICIPAL DE SAUDE DE PINHALAO/PR
PR,411925,Sim,PINHAL DE SAO BENTO,SECRETARIA MUNICIPAL DE SAUDE DE PINHAL DE SAO BENTO/PR
PR,411930,Sim,PINHAO,SECRETARIA MUNICIPAL DE SAUDE DE PINHAO/PR
PR,411940,Sim,PIRAI DO SUL,SECRETARIA MUNICIPAL DE SAUDE DE PIRAI DO SUL/PR
PR,411950,Sim,PIRAQUARA,SECRETARIA MUNICIPAL DE SAUDE DE PIRAQUARA/PR
PR,411960,Sim,PITANGA,SECRETARIA MUNICIPAL DE SAUDE DE PITANGA/PR
PR,411965,Sim,PITANGUEIRAS,SECRETARIA MUNICIPAL DE SAUDE DE PITANGUEIRAS/PR
PR,411970,Sim,PLANALTINA DO PARANA,SECRETARIA MUNICIPAL DE SAUDE DE PLANALTINA DO PARANA/PR
PR,411980,Sim,PLANALTO,SECRETARIA MUNICIPAL DE SAUDE DE PLANALTO/PR
PR,411990,Sim,PONTA GROSSA,SECRETARIA MUNICIPAL DE SAUDE DE PONTA GROSSA/PR
PR,411995,Sim,PONTAL DO PARANA,SECRETARIA MUNICIPAL DE SAUDE DE PONTAL DO PARANA/PR
PR,412000,Sim,PORECATU,SECRETARIA MUNICIPAL DE SAUDE DE PORECATU/PR
PR,412010,Sim,PORTO AMAZONAS,SECRETARIA MUNICIPAL DE SAUDE DE PORTO AMAZONAS/PR
PR,412015,Sim,PORTO BARREIRO,SECRETARIA MUNICIPAL DE SAUDE DE PORTO BARREIRO/PR
PR,412020,Sim,PORTO RICO,SECRETARIA MUNICIPAL DE SAUDE DE PORTO RICO/PR
PR,412030,Sim,PORTO VITORIA,SECRETARIA MUNICIPAL DE SAUDE DE PORTO VITORIA/PR
PR,412033,Sim,PRADO FERREIRA,SECRETARIA MUNICIPAL DE SAUDE DE PRADO FERREIRA/PR
PR,412035,Sim,PRANCHITA,SECRETARIA MUNICIPAL DE SAUDE DE PRANCHITA/PR
PR,412040,Não,PRESIDENTE CASTELO BRANCO,
PR,412050,Sim,PRIMEIRO DE MAIO,SECRETARIA MUNICIPAL DE SAUDE DE PRIMEIRO DE MAIO/PR
PR,412060,Sim,PRUDENTOPOLIS,SECRETARIA MUNICIPAL DE SAUDE DE PRUDENTOPOLIS/PR
PR,412065,Sim,QUARTO CENTENARIO,SECRETARIA MUNICIPAL DE SAUDE DE QUARTO CENTENARIO/PR
PR,412070,Sim,QUATIGUA,SECRETARIA MUNICIPAL DE SAUDE DE QUATIGUA/PR
PR,412080,Sim,QUATRO BARRAS,SECRETARIA MUNICIPAL DE SAUDE DE QUATRO BARRAS/PR
PR,412085,Sim,QUATRO PONTES,SECRETARIA MUNICIPAL DE SAUDE DE QUATRO PONTES/PR
PR,412090,Sim,QUEDAS DO IGUACU,SECRETARIA MUNICIPAL DE SAUDE DE QUEDAS DO IGUACU/PR
PR,412100,Sim,QUERENCIA DO NORTE,SECRETARIA MUNICIPAL DE SAUDE DE QUERENCIA DO NORTE/PR
PR,412110,Sim,QUINTA DO SOL,SECRETARIA MUNICIPAL DE SAUDE DE QUINTA DO SOL/PR
PR,412120,Sim,QUITANDINHA,SECRETARIA MUNICIPAL DE SAUDE DE QUITANDINHA/PR
PR,412125,Sim,RAMILANDIA,SECRETARIA MUNICIPAL DE SAUDE DE RAMILANDIA/PR
PR,412130,Sim,RANCHO ALEGRE,SECRETARIA MUNICIPAL DE SAUDE DE RANCHO ALEGRE/PR
PR,412135,Sim,RANCHO ALEGRE D'OESTE,SECRETARIA MUNICIPAL DE SAUDE DE RANCHO ALEGRE D OESTE/PR
PR,412140,Sim,REALEZA,SECRETARIA MUNICIPAL DE SAUDE DE REALEZA/PR
PR,412150,Sim,REBOUCAS,SECRETARIA MUNICIPAL DE SAUDE DE REBOUCAS/PR
PR,412160,Sim,RENASCENCA,SECRETARIA MUNICIPAL DE SAUDE DE RENASCENCA/PR
PR,412170,Sim,RESERVA,SECRETARIA MUNICIPAL DE SAUDE DE RESERVA/PR
PR,412175,Sim,RESERVA DO IGUACU,SECRETARIA MUNICIPAL DE SAUDE DE RESERVA DO IGUACU/PR
PR,412180,Sim,RIBEIRAO CLARO,SECRETARIA MUNICIPAL DE SAUDE DE RIBEIRAO CLARO/PR
PR,412190,Sim,RIBEIRAO DO PINHAL,SECRETARIA MUNICIPAL DE SAUDE DE RIBEIRAO DO PINHAL/PR
PR,412200,Sim,RIO AZUL,SECRETARIA MUNICIPAL DE SAUDE DE RIO AZUL/PR
PR,412210,Sim,RIO BOM,SECRETARIA MUNICIPAL DE SAUDE DE RIO BOM/PR
PR,412215,Sim,RIO BONITO DO IGUACU,SECRETARIA MUNICIPAL DE SAUDE DE RIO BONITO DO IGUACU/PR
PR,412217,Sim,RIO BRANCO DO IVAI,SECRETARIA MUNICIPAL DE SAUDE DE RIO BRANCO DO IVAI/PR
PR,412220,Sim,RIO BRANCO DO SUL,SECRETARIA MUNICIPAL DE SAUDE DE RIO BRANCO DO SUL/PR
PR,412230,Sim,RIO NEGRO,SECRETARIA MUNICIPAL DE SAUDE DE RIO NEGRO/PR
PR,412240,Sim,ROLANDIA,SECRETARIA MUNICIPAL DE SAUDE DE ROLANDIA/PR
PR,412250,Sim,RONCADOR,SECRETARIA MUNICIPAL DE SAUDE DE RONCADOR/PR
PR,412260,Sim,RONDON,SECRETARIA MUNICIPAL DE SAUDE DE RONDON/PR
PR,412265,Sim,ROSARIO DO IVAI,SECRETARIA MUNICIPAL DE SAUDE DE ROSARIO DO IVAI/PR
PR,412270,Sim,SABAUDIA,SECRETARIA MUNICIPAL DE SAUDE DE SABAUDIA/PR
PR,412280,Sim,SALGADO FILHO,SECRETARIA MUNICIPAL DE SAUDE DE SALGADO FILHO/PR
PR,412290,Não,SALTO DO ITARARÉ,
PR,412300,Sim,SALTO DO LONTRA,SECRETARIA MUNICIPAL DE SAUDE DE SALTO DO LONTRA/PR
PR,412310,Sim,SANTA AMELIA,SECRETARIA MUNICIPAL DE SAUDE DE SANTA AMELIA/PR
PR,412320,Sim,SANTA CECILIA DO PAVAO,SECRETARIA MUNICIPAL DE SAUDE DE SANTA CECILIA DO PAVAO/PR
PR,412330,Sim,SANTA CRUZ DE MONTE CASTELO,SECRETARIA MUNICIPAL DE SAUDE DE SANTA CRUZ DO MONTE CASTELO/PR
PR,412340,Não,SANTA FÉ,
PR,412350,Sim,SANTA HELENA,SECRETARIA MUNICIPAL DE SAUDE DE SANTA HELENA/PR
PR,412360,Não,SANTA INÊS,
PR,412370,Sim,SANTA ISABEL DO IVAI,SECRETARIA MUNICIPAL DE SAUDE DE SANTA ISABEL DO IVAI/PR
PR,412380,Sim,SANTA IZABEL DO OESTE,SECRETARIA MUNICIPAL DE SAUDE DE SANTA ISABEL DO OESTE/PR
PR,412382,Sim,SANTA LUCIA,SECRETARIA MUNICIPAL DE SAUDE DE SANTA LUCIA/PR
PR,412385,Sim,SANTA MARIA DO OESTE,SECRETARIA MUNICIPAL DE SAUDE DE SANTA MARIA DO OESTE/PR
PR,412390,Sim,SANTA MARIANA,SECRETARIA MUNICIPAL DE SAUDE DE SANTA MARIANA/PR
PR,412395,Sim,SANTA MONICA,SECRETARIA MUNICIPAL DE SAUDE DE SANTA MONICA/PR
PR,412400,Sim,SANTANA DO ITARARE,SECRETARIA MUNICIPAL DE SAUDE DE SANTANA DO ITARARE/PR
PR,412402,Sim,SANTA TEREZA DO OESTE,SECRETARIA MUNICIPAL DE SAUDE DE SANTA TEREZA DO OESTE/PR
PR,412405,Sim,SANTA TEREZINHA DE ITAIPU,SECRETARIA MUNICIPAL DE SAUDE DE SANTA TEREZINHA DE ITAIPU/PR
PR,412410,Sim,SANTO ANTONIO DA PLATINA,SECRETARIA MUNICIPAL DE SAUDE DE SANTO ANTONIO DA PLATINA/PR
PR,412420,Sim,SANTO ANTONIO DO CAIUA,SECRETARIA MUNICIPAL DE SAUDE DE SANTO ANTONIO DO CAIUA/PR
PR,412430,Sim,SANTO ANTONIO DO PARAISO,SECRETARIA MUNICIPAL DE SAUDE DE SANTO ANTONIO DO PARAISO/PR
PR,412440,Sim,SANTO ANTONIO DO SUDOESTE,SECRETARIA MUNICIPAL DE SAUDE DE SANTO ANTONIO DO SUDOESTE/PR
PR,412450,Não,SANTO INÁCIO,
PR,412460,Sim,SAO CARLOS DO IVAI,SECRETARIA MUNICIPAL DE SAUDE DE SAO CARLOS DO IVAI/PR
PR,412470,Sim,SAO JERONIMO DA SERRA,SECRETARIA MUNICIPAL DE SAUDE DE SAO JERONIMO DA SERRA/PR
PR,412480,Sim,SAO JOAO,SECRETARIA MUNICIPAL DE SAUDE DE SAO JOAO/PR
PR,412490,Sim,SAO JOAO DO CAIUA,SECRETARIA MUNICIPAL DE SAUDE DE SAO JOAO DO CAIUA/PR
PR,412500,Sim,SAO JOAO DO IVAI,SECRETARIA MUNICIPAL DE SAUDE DE SAO JOAO DO IVAI/PR
PR,412510,Sim,SAO JOAO DO TRIUNFO,SECRETARIA MUNICIPAL DE SAUDE DE SAO JOAO DO TRIUNFO/PR
PR,412520,Sim,SAO JORGE D'OESTE,SECRETARIA MUNICIPAL DE SAUDE DE SAO JORGE D OESTE/PR
PR,412530,Não,SÃO JORGE DO IVAÍ,
PR,412535,Sim,SAO JORGE DO PATROCINIO,SECRETARIA MUNICIPAL DE SAUDE DE SAO JORGE DO PATROCINIO/PR
PR,412540,Sim,SAO JOSE DA BOA VISTA,SECRETARIA MUNICIPAL DE SAUDE DE SAO JOSE DA BOA VISTA/PR
PR,412545,Sim,SAO JOSE DAS PALMEIRAS,SECRETARIA MUNICIPAL DE SAUDE DE SAO JOSE DAS PALMEIRAS/PR
PR,412550,Sim,SAO JOSE DOS PINHAIS,SECRETARIA MUNICIPAL DE SAUDE DE SAO JOSE DOS PINHAIS/PR
PR,412555,Sim,SAO MANOEL DO PARANA,SECRETARIA MUNICIPAL DE SAUDE DE SAO MANOEL DO PARANA/PR
PR,412560,Sim,SAO MATEUS DO SUL,SECRETARIA MUNICIPAL DE SAUDE DE SAO MATEUS DO SUL/PR
PR,412570,Sim,SAO MIGUEL DO IGUACU,SECRETARIA MUNICIPAL DE SAUDE DE SAO MIGUEL DO IGUACU/PR
PR,412575,Sim,SAO PEDRO DO IGUACU,SECRETARIA MUNICIPAL DE SAUDE DE SAO PEDRO DO IGUACU/PR
PR,412580,Sim,SAO PEDRO DO IVAI,SECRETARIA MUNICIPAL DE SAUDE DE SAO PEDRO DO IVAI/PR
PR,412590,Sim,SAO PEDRO DO PARANA,SECRETARIA MUNICIPAL DE SAUDE DE SAO PEDRO DO PARANA/PR
PR,412600,Sim,SAO SEBASTIAO DA AMOREIRA,SECRETARIA MUNICIPAL DE SAUDE DE SAO SEBASTIAO DA AMOREIRA/PR
PR,412610,Sim,SAO TOME,SECRETARIA MUNICIPAL DE SAUDE DE SAO TOME/PR
PR,412620,Sim,SAPOPEMA,SECRETARIA MUNICIPAL DE SAUDE DE SAPOPEMA/PR
PR,412625,Não,SARANDI,
PR,412627,Sim,SAUDADE DO IGUACU,SECRETARIA MUNICIPAL DE SAUDE DE SAUDADE DO IGUACU/PR
PR,412630,Sim,SENGES,SECRETARIA MUNICIPAL DE SAUDE DE SENGES/PR
PR,412635,Sim,SERRANOPOLIS DO IGUACU,SECRETARIA MUNICIPAL DE SAUDE DE SERRANOPOLIS DO IGUACU/PR
PR,412640,Sim,SERTANEJA,SECRETARIA MUNICIPAL DE SAUDE DE SERTANEJA/PR
PR,412650,Sim,SERTANOPOLIS,SECRETARIA MUNICIPAL DE SAUDE DE SERTANOPOLIS/PR
PR,412660,Sim,SIQUEIRA CAMPOS,SECRETARIA MUNICIPAL DE SAUDE DE SIQUEIRA CAMPOS/PR
PR,412665,Sim,SULINA,SECRETARIA MUNICIPAL DE SAUDE DE SULINA/PR
PR,412667,Sim,TAMARANA,SECRETARIA MUNICIPAL DE SAUDE DE TAMARANA/PR
PR,412670,Sim,TAMBOARA,SECRETARIA MUNICIPAL DE SAUDE DE TAMBOARA/PR
PR,412680,Sim,TAPEJARA,SECRETARIA MUNICIPAL DE SAUDE DE TAPEJARA/PR
PR,412690,Sim,TAPIRA,SECRETARIA MUNICIPAL DE SAUDE DE TAPIRA/PR
PR,412700,Sim,TEIXEIRA SOARES,SECRETARIA MUNICIPAL DE SAUDE DE TEIXEIRA SOARES/PR
PR,412710,Sim,TELEMACO BORBA,SECRETARIA MUNICIPAL DE SAUDE DE TELEMACO BORBA/PR
PR,412720,Sim,TERRA BOA,SECRETARIA MUNICIPAL DE SAUDE DE TERRA BOA/PR
PR,412730,Sim,TERRA RICA,SECRETARIA MUNICIPAL DE SAUDE DE TERRA RICA/PR
PR,412740,Sim,TERRA ROXA,SECRETARIA MUNICIPAL DE SAUDE DE TERRA ROXA/PR
PR,412750,Sim,TIBAGI,SECRETARIA MUNICIPAL DE SAUDE DE TIBAGI/PR
PR,412760,Sim,TIJUCAS DO SUL,SECRETARIA MUNICIPAL DE SAUDE DE TIJUCAS DO SUL/PR
PR,412770,Sim,TOLEDO,SECRETARIA MUNICIPAL DE SAUDE DE TOLEDO/PR
PR,412780,Sim,TOMAZINA,SECRETARIA MUNICIPAL DE SAUDE DE TOMAZINA/PR
PR,412785,Sim,TRES BARRAS DO PARANA,SECRETARIA MUNICIPAL DE SAUDE DE TRES BARRAS DO PARANA/PR
PR,412788,Sim,TUNAS DO PARANA,SECRETARIA MUNICIPAL DE SAUDE DE TUNAS DO PARANA/PR
PR,412790,Sim,TUNEIRAS DO OESTE,SECRETARIA MUNICIPAL DE SAUDE DE TUNEIRAS DO OESTE/PR
PR,412795,Sim,TUPASSI,SECRETARIA MUNICIPAL DE SAUDE DE TUPASSI/PR
PR,412796,Sim,TURVO,SECRETARIA MUNICIPAL DE SAUDE DE TURVO/PR
PR,412800,Sim,UBIRATA,SECRETARIA MUNICIPAL DE SAUDE DE UBIRATA/PR
PR,412810,Sim,UMUARAMA,SECRETARIA MUNICIPAL DE SAUDE DE UMUARAMA/PR
PR,412820,Sim,UNIAO DA VITORIA,SECRETARIA MUNICIPAL DE SAUDE DE UNIAO DA VITORIA/PR
PR,412830,Não,UNIFLOR,
PR,412840,Sim,URAI,SECRETARIA MUNICIPAL DE SAUDE DE URAI/PR
PR,412850,Sim,WENCESLAU BRAZ,SECRETARIA MUNICIPAL DE SAUDE DE WENCESLAU BRAZ/PR
PR,412853,Sim,VENTANIA,SECRETARIA MUNICIPAL DE SAUDE DE VENTANIA/PR
PR,412855,Sim,VERA CRUZ DO OESTE,SECRETARIA MUNICIPAL DE SAUDE DE VERA CRUZ DO OESTE/PR
PR,412860,Sim,VERE,SECRETARIA MUNICIPAL DE SAUDE DE VERE/PR
PR,412862,Sim,ALTO PARAISO,SECRETARIA MUNICIPAL DE SAUDE DE ALTO PARAISO/PR
PR,412863,Sim,DOUTOR ULYSSES,SECRETARIA MUNICIPAL DE SAUDE DE DOUTOR ULIYSSES/PR
PR,412865,Sim,VIRMOND,SECRETARIA MUNICIPAL DE SAUDE DE VIRMOND/PR
PR,412870,Sim,VITORINO,SECRETARIA MUNICIPAL DE SAUDE DE VITORINO/PR
PR,412880,Sim,XAMBRE,SECRETARIA MUNICIPAL DE SAUDE DE XAMBRE/PR
RS,430003,Sim,ACEGUA,SECRETARIA MUNICIPAL DE SAUDE DE ACEGUA/RS
RS,430005,Sim,AGUA SANTA,SECRETARIA MUNICIPAL DE SAUDE DE AGUA SANTA/RS
RS,430010,Sim,AGUDO,SECRETARIA MUNICIPAL DE SAUDE DE AGUDO/RS
RS,430020,Sim,AJURICABA,SECRETARIA MUNICIPAL DE SAUDE DE AJURICABA/RS
RS,430030,Sim,ALECRIM,SECRETARIA MUNICIPAL DE SAUDE DE ALECRIM/RS
RS,430040,Não,ALEGRETE,
RS,430045,Sim,ALEGRIA,SECRETARIA MUNICIPAL DE SAUDE DE ALEGRIA/RS
RS,430047,Sim,ALMIRANTE TAMANDARE DO SUL,SECRETARIA MUNICIPAL DE SAUDE ALMIRANTE TAMANDARE DO SUL/RS
RS,430050,Sim,ALPESTRE,SECRETARIA MUNICIPAL DE SAUDE DE ALPESTRE/RS
RS,430055,Sim,ALTO ALEGRE,SECRETARIA MUNICIPAL DE SAUDE DE ALTO ALEGRE/RS
RS,430057,Sim,ALTO FELIZ,SECRETARIA MUNICIPAL DE SAUDE DE ALTO FELIZ/RS
RS,430060,Sim,ALVORADA,SECRETARIA MUNICIPAL DE SAUDE DE ALVORADA/RS
RS,430063,Sim,AMARAL FERRADOR,SECRETARIA MUNICIPAL DE SAUDE DE AMARAL FERRADOR/RS
RS,430064,Sim,AMETISTA DO SUL,SECRETARIA MUNICIPAL DE SAUDE DE AMETISTA DO SUL/RS
RS,430066,Sim,ANDRE DA ROCHA,SECRETARIA MUNICIPAL DE SAUDE DE ANDRE DA ROCHA/RS
RS,430070,Sim,ANTA GORDA,SECRETARIA MUNICIPAL DE SAUDE DE ANTA GORDA/RS
RS,430080,Sim,ANTONIO PRADO,SECRETARIA MUNICIPAL DE SAUDE DE ANTONIO PRADO/RS
RS,430085,Sim,ARAMBARE,SECRETARIA MUNICIPAL DE SAUDE DE ARAMBARE/RS
RS,430087,Sim,ARARICA,SECRETARIA MUNICIPAL DE SAUDE DE ARARICA/RS
RS,430090,Sim,ARATIBA,SECRETARIA MUNICIPAL DE SAUDE DE ARATIBA/RS
RS,430100,Sim,ARROIO DO MEIO,SECRETARIA MUNICIPAL DE SAUDE DE ARROIO DO MEIO/RS
RS,430105,Sim,ARROIO DO SAL,SECRETARIA MUNICIPAL DE SAUDE DE ARROIO DO SAL/RS
RS,430107,Sim,ARROIO DO PADRE,SECRETARIA MUNICIPAL DE SAUDE DE ARROIO DO PADRE/RS
RS,430110,Não,ARROIO DOS RATOS,
RS,430120,Sim,ARROIO DO TIGRE,SECRETARIA MUNICIPAL DE SAUDE DE ARROIO DO TIGRE/RS
RS,430130,Sim,ARROIO GRANDE,SECRETARIA MUNICIPAL DE SAUDE DE ARROIO GRANDE/RS
RS,430140,Sim,ARVOREZINHA,SECRETARIA MUNICIPAL DE SAUDE DE ARVOREZINHA/RS
RS,430150,Sim,AUGUSTO PESTANA,SECRETARIA MUNICIPAL DE SAUDE DE AUGUSTO PESTANA/RS
RS,430155,Sim,AUREA,SECRETARIA MUNICIPAL DE SAUDE DE AUREA/RS
RS,430160,Sim,BAGE,SECRETARIA MUNICIPAL DE SAUDE DE BAGE/RS
RS,430163,Sim,BALNEARIO PINHAL,SECRETARIA MUNICIPAL DE SAUDE DE BALNEARIO PINHAL/RS
RS,430165,Sim,BARAO,SECRETARIA MUNICIPAL DE SAUDE DE BARAO/RS
RS,430170,Sim,BARAO DE COTEGIPE,SECRETARIA MUNICIPAL DE SAUDE DE BARAO DE COTEGIPE/RS
RS,430175,Sim,BARAO DO TRIUNFO,SECRETARIA MUNICIPAL DE SAUDE DE BARAO DO TRIUNFO/RS
RS,430180,Sim,BARRACAO,SECRETARIA MUNICIPAL DE SAUDE DE BARRACAO/RS
RS,430185,Sim,BARRA DO GUARITA,SECRETARIA MUNICIPAL DE SAUDE DE BARRA DO GUARITA/RS
RS,430187,Não,BARRA DO QUARAÍ,
RS,430190,Sim,BARRA DO RIBEIRO,SECRETARIA MUNICIPAL DE SAUDE DE BARRA DO RIBEIRO/RS
RS,430192,Sim,BARRA DO RIO AZUL,SECRETARIA MUNICIPAL DE SAUDE DE BARRA DO RIO AZUL/RS
RS,430195,Sim,BARRA FUNDA,SECRETARIA MUNICIPAL DE SAUDE DE BARRA FUNDA/RS
RS,430200,Sim,BARROS CASSAL,SECRETARIA MUNICIPAL DE SAUDE DE BARROS CASSAL/RS
RS,430205,Sim,BENJAMIN CONSTANT DO SUL,SECRETARIA MUNICIPAL DE SAUDE DE BENJAMIN CONSTANT DO SUL/RS
RS,430210,Sim,BENTO GONCALVES,SECRETARIA MUNICIPAL DE SAUDE DE BENTO GONCALVES/RS
RS,430215,Sim,BOA VISTA DAS MISSOES,SECRETARIA MUNICIPAL DE SAUDE DE BOA VISTA DAS MISSOES/RS
RS,430220,Sim,BOA VISTA DO BURICA,SECRETARIA MUNICIPAL DE SAUDE DE BOA VISTA DO BURICA/RS
RS,430222,Sim,BOA VISTA DO CADEADO,SECRETARIA MUNICIPAL DE SAUDE DE BOA VISTA DO CADEADO/RS
RS,430223,Sim,BOA VISTA DO INCRA,SECRETARIA MUNICIPAL DE SAUDE DE BOA VISTA DO INCRA/RS
RS,430225,Sim,BOA VISTA DO SUL,SECRETARIA MUNICIPAL DE SAUDE DE BOA VISTA DO SUL/RS
RS,430230,Sim,BOM JESUS,SECRETARIA MUNICIPAL DE SAUDE DE BOM JESUS/RS
RS,430235,Sim,BOM PRINCIPIO,SECRETARIA MUNICIPAL DE SAUDE DE BOM PRINCIPIO/RS
RS,430237,Sim,BOM PROGRESSO,SECRETARIA MUNICIPAL DE SAUDE DE BOM PROGRESSO/RS
RS,430240,Sim,BOM RETIRO DO SUL,SECRETARIA MUNICIPAL DE SAUDE DE BOM RETIRO DO SUL/RS
RS,430245,Sim,BOQUEIRAO DO LEAO,SECRETARIA MUNICIPAL DE SAUDE DE BOQUEIRAO DO LEAO/RS
RS,430250,Sim,BOSSOROCA,SECRETARIA MUNICIPAL DE SAUDE DE BOSSOROCA/RS
RS,430258,Sim,BOZANO,SECRETARIA MUNICIPAL DE SAUDE DE BOZANO/RS
RS,430260,Não,BRAGA,
RS,430265,Sim,BROCHIER,SECRETARIA MUNICIPAL DE SAUDE DE BROCHIER/RS
RS,430270,Sim,BUTIA,SECRETARIA MUNICIPAL DE SAUDE DE BUTIA/RS
RS,430280,Sim,CACAPAVA DO SUL,SECRETARIA MUNICIPAL DE SAUDE DE CACAPAVA DO SUL/RS
RS,430290,Sim,CACEQUI,SECRETARIA MUNICIPAL DE SAUDE DE CACEQUI/RS 
RS,430300,Sim,CACHOEIRA DO SUL,SECRETARIA MUNICIPAL DE SAUDE DE CACHOEIRA DO SUL/RS
RS,430310,Sim,CACHOEIRINHA,SECRETARIA MUNICIPAL DE SAUDE DE CACHOEIRINHA/RS
RS,430320,Sim,CACIQUE DOBLE,SECRETARIA MUNICIPAL DE SAUDE DE CACIQUE DOBLE/RS
RS,430330,Sim,CAIBATE,SECRETARIA MUNICIPAL DE SAUDE DE CAIBATE/RS
RS,430340,Sim,CAICARA,SECRETARIA MUNICIPAL DE SAUDE DE CAICARA/RS
RS,430350,Sim,CAMAQUA,SECRETARIA MUNICIPAL DE SAUDE DE CAMAQUA/RS
RS,430355,Sim,CAMARGO,SECRETARIA MUNICIPAL DE SAUDE DE CAMARGO/RS
RS,430360,Sim,CAMBARA DO SUL,SECRETARIA MUNICIPAL DE SAUDE DE CAMBARA DO SUL/RS
RS,430367,Sim,CAMPESTRE DA SERRA,SECRETARIA MUNICIPAL DE SAUDE DE CAMPESTRE DA SERRA/RS
RS,430370,Sim,CAMPINA DAS MISSOES,SECRETARIA MUNICIPAL DE SAUDE DE CAMPINA DAS MISSOES/RS
RS,430380,Sim,CAMPINAS DO SUL,SECRETARIA MUNICIPAL DE SAUDE DE CAMPINAS DO SUL/RS
RS,430390,Sim,CAMPO BOM,SECRETARIA MUNICIPAL DE SAUDE DE CAMPO BOM/RS 
RS,430400,Sim,CAMPO NOVO,SECRETARIA MUNICIPAL DE SAUDE DE CAMPO NOVO/RS
RS,430410,Sim,CAMPOS BORGES,SECRETARIA MUNICIPAL DE SAUDE DE CAMPOS BORGES/RS
RS,430420,Sim,CANDELARIA,SECRETARIA MUNICIPAL DE SAUDE DE CANDELARIA/RS
RS,430430,Sim,CANDIDO GODOI,SECRETARIA MUNICIPAL DE SAUDE DE CANDIDO GODOI/RS
RS,430435,Sim,CANDIOTA,SECRETARIA MUNICIPAL DE SAUDE DE CANDIOTA/RS
RS,430440,Sim,CANELA,SECRETARIA MUNICIPAL DE SAUDE DE CANELA/RS
RS,430450,Sim,CANGUCU,SECRETARIA MUNICIPAL DE SAUDE DE CANGUCU/RS
RS,430460,Sim,CANOAS,SECRETARIA MUNICIPAL DE SAUDE DE CANOAS/RS
RS,430461,Sim,CANUDOS DO VALE,SECRETARIA MUNICIPAL DE SAUDE DE CANUDOS DO VALE/RS
RS,430462,Sim,CAPAO BONITO DO SUL,SECRETARIA MUNICIPAL DE SAUDE DE CAPAO BONITO DO SUL/RS
RS,430463,Sim,CAPAO DA CANOA,SECRETARIA MUNICIPAL DE SAUDE DE CAPAO DA CANOA/RS
RS,430465,Sim,CAPAO DO CIPO,SECRETARIA MUNICIPAL DE SAUDE DE CAPAO DO CIPO/RS
RS,430466,Não,CAPÃO DO LEÃO,
RS,430467,Sim,CAPIVARI DO SUL,SECRETARIA MUNICIPAL DE SAUDE DE CAPIVARI DO SUL/RS
RS,430468,Sim,CAPELA DE SANTANA,SECRETARIA MUNICIPAL DE SAUDE DE CAPELA DE SANTANA/RS
RS,430469,Sim,CAPITAO,SECRETARIA MUNICIPAL DE SAUDE DE CAPITAO/RS
RS,430470,Sim,CARAZINHO,SECRETARIA MUNICIPAL DE SAUDE DE CARAZINHO/RS
RS,430471,Sim,CARAA,SECRETARIA MUNICIPAL DE SAUDE DE CARAA/RS
RS,430480,Sim,CARLOS BARBOSA,SECRETARIA MUNICIPAL DE SAUDE DE CARLOS BARBOSA/RS
RS,430485,Sim,CARLOS GOMES,SECRETARIA MUNICIPAL DE SAUDE DE CARLOS GOMES/RS
RS,430490,Sim,CASCA,SECRETARIA MUNICIPAL DE SAUDE DE CASCA/RS
RS,430495,Sim,CASEIROS,SECRETARIA MUNICIPAL DE SAUDE DE CASEIROS/RS
RS,430500,Sim,CATUIPE,SECRETARIA MUNICIPAL DE SAUDE DE CATUIPE/RS
RS,430510,Sim,CAXIAS DO SUL,SECRETARIA MUNICIPAL DE SAUDE DE CAXIAS DO SUL/RS
RS,430511,Sim,CENTENARIO,SECRETARIA MUNICIPAL DE SAUDE DE CENTENARIO/RS
RS,430512,Sim,CERRITO,SECRETARIA MUNICIPAL DE SAUDE DE CERRITO/RS
RS,430513,Sim,CERRO BRANCO,SECRETARIA MUNICIPAL DE SAUDE DE CERRO BRANCO/RS
RS,430515,Sim,CERRO GRANDE,SECRETARIA MUNICIPAL DE SAUDE DE CERRO GRANDE/RS
RS,430517,Sim,CERRO GRANDE DO SUL,SECRETARIA MUNICIPAL DE SAUDE DE CERRO GRANDE DO SUL/RS
RS,430520,Sim,CERRO LARGO,SECRETARIA MUNICIPAL DE SAUDE DE CERRO LARGO/RS
RS,430530,Sim,CHAPADA,SECRETARIA MUNICIPAL DE SAUDE DE CHAPADA/RS
RS,430535,Sim,CHARQUEADAS,SECRETARIA MUNICIPAL DE SAUDE DE CHARQUEADAS/RS
RS,430537,Sim,CHARRUA,SECRETARIA MUNICIPAL DE SAUDE DE CHARRUA/RS
RS,430540,Sim,CHIAPETTA,SECRETARIA MUNICIPAL DE SAUDE DE CHIAPETTA/RS
RS,430543,Sim,CHUI,SECRETARIA MUNICIPAL DE SAUDE DE CHUI/RS
RS,430544,Não,CHUVISCA,
RS,430545,Sim,CIDREIRA,SECRETARIA MUNICIPAL DE SAUDE DE CIDREIRA/RS
RS,430550,Sim,CIRIACO,SECRETARIA MUNICIPAL DE SAUDE DE CIRIACO/RS
RS,430558,Sim,COLINAS,SECRETARIA MUNICIPAL DE SAUDE DE COLINAS/RS
RS,430560,Sim,COLORADO,SECRETARIA MUNICIPAL DE SAUDE DE COLORADO/RS
RS,430570,Sim,CONDOR,SECRETARIA MUNICIPAL DE SAUDE DE CONDOR/RS
RS,430580,Sim,CONSTANTINA,SECRETARIA MUNICIPAL DE SAUDE DE CONSTANTINA/RS
RS,430583,Sim,COQUEIRO BAIXO,SECRETARIA MUNICIPAL DE SAUDE DE COQUEIRO BAIXO/RS
RS,430585,Sim,COQUEIROS DO SUL,SECRETARIA MUNICIPAL DE SAUDE DE COQUEIROS DO SUL/RS
RS,430587,Sim,CORONEL BARROS,SECRETARIA MUNICIPAL DE SAUDE DE CORONEL BARROS/RS
RS,430590,Sim,CORONEL BICACO,SECRETARIA MUNICIPAL DE SAUDE DE CORONEL BICACO/RS
RS,430593,Sim,CORONEL PILAR,SECRETARIA MUNICIPAL DE SAUDE DE CORONEL PILAR/RS
RS,430595,Sim,COTIPORA,SECRETARIA MUNICIPAL DE SAUDE DE COTIPORA/RS
RS,430597,Sim,COXILHA,SECRETARIA MUNICIPAL DE SAUDE DE COXILHA/RS
RS,430600,Sim,CRISSIUMAL,SECRETARIA MUNICIPAL DE SAUDE DE CRISSIUMAL/RS
RS,430605,Sim,CRISTAL,SECRETARIA MUNICIPAL DE SAUDE DE CRISTAL/RS
RS,430607,Sim,CRISTAL DO SUL,SECRETARIA MUNICIPAL DE SAUDE DE CRISTAL DO SUL/RS
RS,430610,Sim,CRUZ ALTA,SECRETARIA MUNICIPAL DE SAUDE DE CRUZ ALTA/RS
RS,430613,Sim,CRUZALTENSE,SECRETARIA MUNICIPAL DE SAUDE DE CRUZALTENSE/RS
RS,430620,Sim,CRUZEIRO DO SUL,SECRETARIA MUNICIPAL DE SAUDE DE CRUZEIRO DO SUL/RS
RS,430630,Não,DAVID CANABARRO,
RS,430632,Sim,DERRUBADAS,SECRETARIA MUNICIPAL DE SAUDE DE DERRUBADAS/RS
RS,430635,Sim,DEZESSEIS DE NOVEMBRO,SECRETARIA MUNICIPAL DE SAUDE DE DEZESSEIS DE NOVEMBRO/RS
RS,430637,Sim,DILERMANDO DE AGUIAR,SECRETARIA MUNICIPAL DE SAUDE DE DILERMANDO DE AGUIAR/RS
RS,430640,Sim,DOIS IRMAOS,SECRETARIA MUNICIPAL DE SAUDE DE DOIS IRMAOS/RS
RS,430642,Sim,DOIS IRMAOS DAS MISSOES,SECRETARIA MUNICIPAL DE SAUDE DE DOIS IRMAOS DAS MISSOES/RS
RS,430645,Sim,DOIS LAJEADOS,SECRETARIA MUNICIPAL DE SAUDE DE DOIS LAJEADOS/RS
RS,430650,Sim,DOM FELICIANO,SECRETARIA MUNICIPAL DE SAUDE DE DOM FELICIANO/RS
RS,430655,Sim,DOM PEDRO DE ALCANTARA,SECRETARIA MUNICIPAL DE SAUDE DE DOM PEDRO DE ALCANTARA/RS
RS,430660,Sim,DOM PEDRITO,SECRETARIA MUNICIPAL DE SAUDE DE DOM PEDRITO/RS
RS,430670,Sim,DONA FRANCISCA,SECRETARIA MUNICIPAL DE SAUDE DE DONA FRANCISCA/RS
RS,430673,Sim,DOUTOR MAURICIO CARDOSO,SECRETARIA MUNICIPAL DE SAUDE DE DR. MAURICIO CARDOSO/RS
RS,430675,Sim,DOUTOR RICARDO,SECRETARIA MUNICIPAL DE SAUDE DE DOUTOR RICARDO/RS
RS,430676,Sim,ELDORADO DO SUL,SECRETARIA MUNICIPAL DE SAUDE DE ELDORADO DO SUL/RS
RS,430680,Sim,ENCANTADO,SECRETARIA MUNICIPAL DE SAUDE DE ENCANTADO/RS
RS,430690,Sim,ENCRUZILHADA DO SUL,SECRETARIA MUNICIPAL DE SAUDE DE ENCRUZILHADA DO SUL/RS
RS,430692,Sim,ENGENHO VELHO,SECRETARIA MUNICIPAL DE SAUDE DE ENGENHO VELHO/RS
RS,430693,Sim,ENTRE-IJUIS,SECRETARIA MUNICIPAL DE SAUDE DE ENTRE-IJUIS/RS
RS,430695,Sim,ENTRE RIOS DO SUL,SECRETARIA MUNICIPAL DE SAUDE DE ENTRE RIOS DO SUL/RS
RS,430697,Sim,EREBANGO,SECRETARIA MUNICIPAL DE SAUDE DE EREBANGO/RS
RS,430700,Sim,ERECHIM,SECRETARIA MUNICIPAL DE SAUDE DE ERECHIM/RS
RS,430705,Sim,ERNESTINA,SECRETARIA MUNICIPAL DE SAUDE DE ERNESTINA/RS
RS,430710,Sim,HERVAL,SECRETARIA MUNICIPAL DE SAUDE DE HERVAL/RS
RS,430720,Sim,ERVAL GRANDE,SECRETARIA MUNICIPAL DE SAUDE DE ERVAL GRANDE/RS
RS,430730,Sim,ERVAL SECO,SECRETARIA MUNICIPAL DE SAUDE DE ERVAL SECO/RS
RS,430740,Sim,ESMERALDA,SECRETARIA MUNICIPAL DE SAUDE DE ESMERALDA/RS
RS,430745,Sim,ESPERANCA DO SUL,SECRETARIA MUNICIPAL DE SAUDE DE ESPERANCA DO SUL/RS
RS,430750,Sim,ESPUMOSO,SECRETARIA MUNICIPAL DE SAUDE DE ESPUMOSO/RS
RS,430755,Sim,ESTACAO,SECRETARIA MUNICIPAL DE SAUDE DE ESTACAO/RS
RS,430760,Sim,ESTANCIA VELHA,SECRETARIA MUNICIPAL DE SAUDE DE ESTANCIA VELHA/RS
RS,430770,Sim,ESTEIO,SECRETARIA MUNICIPAL DE SAUDE DE ESTEIO/RS
RS,430780,Sim,ESTRELA,SECRETARIA MUNICIPAL DE SAUDE DE ESTRELA/RS
RS,430781,Sim,ESTRELA VELHA,SECRETARIA MUNICIPAL DE SAUDE DE ESTRELA VELHA/RS
RS,430783,Sim,EUGENIO DE CASTRO,SECRETARIA MUNICIPAL DE SAUDE DE EUGENIO DE CASTRO/RS
RS,430786,Sim,FAGUNDES VARELA,SECRETARIA MUNICIPAL DE SAUDE DE FAGUNDES VARELA/RS
RS,430790,Sim,FARROUPILHA,SECRETARIA MUNICIPAL DE SAUDE DE FARROUPILHA/RS
RS,430800,Sim,FAXINAL DO SOTURNO,SECRETARIA MUNICIPAL DE SAUDE DE FAXINAL DO SOTURNO/RS
RS,430805,Sim,FAXINALZINHO,SECRETARIA MUNICIPAL DE SAUDE DE FAXINALZINHO/RS
RS,430807,Sim,FAZENDA VILANOVA,SECRETARIA MUNICIPAL DE SAUDE DE FAZENDA VILANOVA/RS
RS,430810,Sim,FELIZ,SECRETARIA MUNICIPAL DE SAUDE DE FELIZ/RS
RS,430820,Sim,FLORES DA CUNHA,SECRETARIA MUNICIPAL DE SAUDE DE FLORES DA CUNHA/RS
RS,430825,Sim,FLORIANO PEIXOTO,SECRETARIA MUNICIPAL DE SAUDE DE FLORIANO PEIXOTO/RS
RS,430830,Sim,FONTOURA XAVIER,SECRETARIA MUNICIPAL DE SAUDE DE FONTOURA XAVIER/RS
RS,430840,Sim,FORMIGUEIRO,SECRETARIA MUNICIPAL DE SAUDE DE FORMIGUEIRO/RS
RS,430843,Não,FORQUETINHA,
RS,430845,Sim,FORTALEZA DOS VALOS,SECRETARIA MUNICIPAL DE SAUDE DE FORTALEZA DOS VALOS/RS
RS,430850,Sim,FREDERICO WESTPHALEN,SECRETARIA MUNICIPAL DE SAUDE DE FREDERICO WESTPHALEN/RS
RS,430860,Sim,GARIBALDI,SECRETARIA MUNICIPAL DE SAUDE DE GARIBALDI/RS
RS,430865,Sim,GARRUCHOS,SECRETARIA MUNICIPAL DE SAUDE DE GARRUCHOS/RS
RS,430870,Sim,GAURAMA,SECRETARIA MUNICIPAL DE SAUDE DE GAURAMA/RS
RS,430880,Sim,GENERAL CAMARA,SECRETARIA MUNICIPAL DE SAUDE DE GENERAL CAMARA/RS
RS,430885,Sim,GENTIL,SECRETARIA MUNICIPAL DE SAUDE DE GENTIL/RS
RS,430890,Sim,GETULIO VARGAS,SECRETARIA MUNICIPAL DE SAUDE DE GETULIO VARGAS/RS 
RS,430900,Sim,GIRUA,SECRETARIA MUNICIPAL DE SAUDE DE GIRUA/RS
RS,430905,Sim,GLORINHA,SECRETARIA MUNICIPAL DE SAUDE DE GLORINHA/RS
RS,430910,Sim,GRAMADO,SECRETARIA MUNICIPAL DE SAUDE DE GRAMADO/RS
RS,430912,Sim,GRAMADO DOS LOUREIROS,SECRETARIA MUNICIPAL DE SAUDE DE GRAMADO DOS LOUREIROS/RS
RS,430915,Sim,GRAMADO XAVIER,SECRETARIA MUNICIPAL DE SAUDE DE GRAMADO XAVIER/RS
RS,430920,Sim,GRAVATAI,SECRETARIA MUNICIPAL DE SAUDE DE GRAVATAI/RS
RS,430925,Sim,GUABIJU,SECRETARIA MUNICIPAL DE SAUDE DE GUABIJU/RS
RS,430930,Sim,GUAIBA,SECRETARIA MUNICIPAL DE SAUDE DE GUAIBA/RS
RS,430940,Sim,GUAPORE,SECRETARIA MUNICIPAL DE SAUDE DE GUAPORE/RS
RS,430950,Sim,GUARANI DAS MISSOES,SECRETARIA MUNICIPAL DE SAUDE DE GUARANI DAS MISSOES/RS
RS,430955,Sim,HARMONIA,SECRETARIA MUNICIPAL DE SAUDE DE HARMONIA/RS
RS,430957,Sim,HERVEIRAS,SECRETARIA MUNICIPAL DE SAUDE DE HERVEIRAS/RS
RS,430960,Sim,HORIZONTINA,SECRETARIA MUNICIPAL DE SAUDE DE HORIZONTINA/RS
RS,430965,Sim,HULHA NEGRA,SECRETARIA MUNICIPAL DE SAUDE HULHA NEGRA/RS
RS,430970,Sim,HUMAITA,SECRETARIA MUNICIPAL DE SAUDE DE HUMAITA/RS
RS,430975,Sim,IBARAMA,SECRETARIA MUNICIPAL DE SAUDE DE IBARAMA/RS
RS,430980,Sim,IBIACA,SECRETARIA MUNICIPAL DE SAUDE DE IBIACA/RS
RS,430990,Sim,IBIRAIARAS,SECRETARIA MUNICIPAL DE SAUDE DE IBIRAIARAS/RS
RS,430995,Sim,IBIRAPUITA,SECRETARIA MUNICIPAL DE SAUDE DE IBIRAPUITA/RS
RS,431000,Sim,IBIRUBA,SECRETARIA MUNICIPAL DE SAUDE DE IBIRUBA/RS
RS,431010,Sim,IGREJINHA,SECRETARIA MUNICIPAL DE SAUDE DE IGREJINHA/RS
RS,431020,Sim,IJUI,SECRETARIA MUNICIPAL DE SAUDE DE IJUI/RS
RS,431030,Sim,ILOPOLIS,SECRETARIA MUNICIPAL DE SAUDE DE ILOPOLIS/RS
RS,431033,Sim,IMBE,SECRETARIA MUNICIPAL DE SAUDE DE IMBE/RS
RS,431036,Sim,IMIGRANTE,SECRETARIA MUNICIPAL DE SAUDE DE IMIGRANTE/RS
RS,431040,Sim,INDEPENDENCIA,SECRETARIA MUNICIPAL DE SAUDE DE INDEPENDENCIA/RS
RS,431041,Sim,INHACORA,SECRETARIA MUNICIPAL DE SAUDE DE INHACORA/RS
RS,431043,Sim,IPE,SECRETARIA MUNICIPAL DE SAUDE DE IPE/RS
RS,431046,Sim,IPIRANGA DO SUL,SECRETARIA MUNICIPAL DE SAUDE DE IPIRANGA DO SUL/RS
RS,431050,Sim,IRAI,SECRETARIA MUNICIPAL DE SAUDE DE IRAI/RS
RS,431053,Sim,ITAARA,SECRETARIA MUNICIPAL DE SAUDE DE ITAARA/RS
RS,431055,Sim,ITACURUBI,SECRETARIA MUNICIPAL DE SAUDE DE ITACURUBI/RS
RS,431057,Sim,ITAPUCA,SECRETARIA MUNICIPAL DE SAUDE DE ITAPUCA/RS
RS,431060,Não,ITAQUI,
RS,431065,Sim,ITATI,SECRETARIA MUNICIPAL DE SAUDE DE ITATI/RS
RS,431070,Sim,ITATIBA DO SUL,SECRETARIA MUNICIPAL DE SAUDE DE ITATIBA DO SUL/RS
RS,431075,Sim,IVORA,SECRETARIA MUNICIPAL DE SAUDE DE IVORA/RS
RS,431080,Sim,IVOTI,SECRETARIA MUNICIPAL DE SAUDE DE IVOTI/RS
RS,431085,Sim,JABOTICABA,SECRETARIA MUNICIPAL DE SAUDE DE JABOTICABA/RS
RS,431087,Sim,JACUIZINHO,SECRETARIA MUNICIPAL DE SAUDE DE JACUIZINHO/RS
RS,431090,Sim,JACUTINGA,SECRETARIA MUNICIPAL DE SAUDE DE JACUTINGA/RS
RS,431100,Não,JAGUARÃO,
RS,431110,Sim,JAGUARI,SECRETARIA MUNICIPAL DE SAUDE DE JAGUARI/RS
RS,431112,Sim,JAQUIRANA,SECRETARIA MUNICIPAL DE SAUDE DE JAQUIRANA/RS
RS,431113,Sim,JARI,SECRETARIA MUNICIPAL DE SAUDE DE JARI/RS
RS,431115,Sim,JOIA,SECRETARIA MUNICIPAL DE SAUDE DE JOIA/RS
RS,431120,Sim,JULIO DE CASTILHOS,SECRETARIA MUNICIPAL DE SAUDE DE JULIO DE CASTILHOS/RS
RS,431123,Sim,LAGOA BONITA DO SUL,SECRETARIA MUNICIPAL DE SAUDE DE LAGOA BONITA DO SUL/RS
RS,431125,Sim,LAGOAO,SECRETARIA MUNICIPAL DE SAUDE DE LAGOAO/RS
RS,431127,Sim,LAGOA DOS TRES CANTOS,SECRETARIA MUNICIPAL DE SAUDE DE LAGOA DOS TRES CANTOS/RS
RS,431130,Sim,LAGOA VERMELHA,SECRETARIA MUNICIPAL DE SAUDE DE LAGOA VERMELHA/RS
RS,431140,Sim,LAJEADO,SECRETARIA MUNICIPAL DE SAUDE DE LAJEADO/RS - CENTRAL DE VACINAS
RS,431142,Sim,LAJEADO DO BUGRE,SECRETARIA MUNICIPAL DE SAUDE DE LAJEADO DO BUGRE/RS
RS,431150,Não,LAVRAS DO SUL,
RS,431160,Sim,LIBERATO SALZANO,SECRETARIA MUNICIPAL DE SAUDE DE LIBERATO SALZANO/RS
RS,431162,Sim,LINDOLFO COLLOR,SECRETARIA MUNICIPAL DE SAUDE DE LINDOLFO COLLOR/RS
RS,431164,Sim,LINHA NOVA,SECRETARIA MUNICIPAL DE SAUDE DE LINHA NOVA/RS
RS,431170,Sim,MACHADINHO,SECRETARIA MUNICIPAL DE SAUDE DE MACHADINHO/RS
RS,431171,Não,MAÇAMBARÁ,
RS,431173,Sim,MAMPITUBA,SECRETARIA MUNICIPAL DE SAUDE DE MAMPITUBA/RS
RS,431175,Não,MANOEL VIANA,
RS,431177,Sim,MAQUINE,SECRETARIA MUNICIPAL DE SAUDE DE MAQUINE/RS
RS,431179,Sim,MARATA,SECRETARIA MUNICIPAL DE SAUDE DE MARATA/RS
RS,431180,Sim,MARAU,SECRETARIA MUNICIPAL DE SAUDE DE MARAU/RS
RS,431190,Sim,MARCELINO RAMOS,SECRETARIA MUNICIPAL DE SAUDE DE MARCELINO RAMOS/RS 
RS,431198,Sim,MARIANA PIMENTEL,SECRETARIA MUNICIPAL DE SAUDE DE MARIANA PIMENTEL/RS
RS,431200,Sim,MARIANO MORO,SECRETARIA MUNICIPAL DE SAUDE DE MARIANO MORO/RS
RS,431205,Sim,MARQUES DE SOUZA,SECRETARIA MUNICIPAL DE SAUDE DE MARQUES DE SOUZA/RS
RS,431210,Sim,MATA,SECRETARIA MUNICIPAL DE SAUDE DE MATA/RS
RS,431213,Sim,MATO CASTELHANO,SECRETARIA MUNICIPAL DE SAUDE DE MATO CASTELHANO/RS
RS,431215,Sim,MATO LEITAO,SECRETARIA MUNICIPAL DE SAUDE DE MATO LEITAO/RS
RS,431217,Sim,MATO QUEIMADO,SECRETARIA MUNICIPAL DE SAUDE DE MATO QUEIMADO/RS
RS,431220,Sim,MAXIMILIANO DE ALMEIDA,SECRETARIA MUNICIPAL DE SAUDE DE MAXIMILIANO DE ALMEIDA/RS
RS,431225,Sim,MINAS DO LEAO,SECRETARIA MUNICIPAL DE SAUDE DE MINAS DO LEAO/RS
RS,431230,Sim,MIRAGUAI,SECRETARIA MUNICIPAL DE SAUDE DE MIRAGUAI/RS
RS,431235,Sim,MONTAURI,SECRETARIA MUNICIPAL DE SAUDE DE MONTAURI/RS
RS,431237,Sim,MONTE ALEGRE DOS CAMPOS,SECRETARIA MUNICIPAL DE SAUDE DE MONTE ALEGRE DOS CAMPOS/RS
RS,431238,Sim,MONTE BELO DO SUL,SECRETARIA MUNICIPAL DE SAUDE DE MONTE BELO DO SUL/RS
RS,431240,Sim,MONTENEGRO,SECRETARIA MUNICIPAL DE SAUDE DE MONTENEGRO/RS
RS,431242,Sim,MORMACO,SECRETARIA MUNICIPAL DE SAUDE DE MORMACO/RS
RS,431244,Sim,MORRINHOS DO SUL,SECRETARIA MUNICIPAL DE SAUDE DE MORRINHOS DO SUL/RS
RS,431245,Sim,MORRO REDONDO,SECRETARIA MUNICIPAL DE SAUDE DE MORRO REDONDO/RS
RS,431247,Sim,MORRO REUTER,SECRETARIA MUNICIPAL DE SAUDE DE MORRO REUTER/RS
RS,431250,Sim,MOSTARDAS,SECRETARIA MUNICIPAL DE SAUDE DE MOSTARDAS/RS
RS,431260,Sim,MUCUM,SECRETARIA MUNICIPAL DE SAUDE DE MUCUM/RS
RS,431261,Sim,MUITOS CAPOES,SECRETARIA MUNICIPAL DE SAUDE DE MUITOS CAPOES/RS
RS,431262,Sim,MULITERNO,SECRETARIA MUNICIPAL DE SAUDE DE MULITERNO/RS
RS,431265,Sim,NAO-ME-TOQUE,SECRETARIA MUNICIPAL DE SAUDE DE NAO-ME-TOQUE/RS
RS,431267,Sim,NICOLAU VERGUEIRO,SECRETARIA MUNICIPAL DE SAUDE DE NICOLAU VERGUEIRO/RS
RS,431270,Sim,NONOAI,SECRETARIA MUNICIPAL DE SAUDE DE NONOAI/RS
RS,431275,Sim,NOVA ALVORADA,SECRETARIA MUNICIPAL DE SAUDE DE NOVA ALVORADA/RS
RS,431280,Sim,NOVA ARACA,SECRETARIA MUNICIPAL DE SAUDE DE NOVA ARACA/RS
RS,431290,Sim,NOVA BASSANO,SECRETARIA MUNICIPAL DE SAUDE DE NOVA BASSANO/RS
RS,431295,Sim,NOVA BOA VISTA,SECRETARIA MUNICIPAL DE SAUDE DE NOVA BOA VISTA/RS
RS,431300,Sim,NOVA BRESCIA,SECRETARIA MUNICIPAL DE SAUDE DE NOVA BRESCIA/RS
RS,431301,Sim,NOVA CANDELARIA,SECRETARIA MUNICIPAL DE SAUDE DE NOVA CANDELARIA/RS
RS,431303,Sim,NOVA ESPERANCA DO SUL,SECRETARIA MUNICIPAL DE SAUDE DE NOVA ESPERANCA DO SUL/RS
RS,431306,Sim,NOVA HARTZ,SECRETARIA MUNICIPAL DE SAUDE DE NOVA HARTZ/RS
RS,431308,Não,NOVA PÁDUA,
RS,431310,Sim,NOVA PALMA,SECRETARIA MUNICIPAL DE SAUDE DE NOVA PALMA/RS
RS,431320,Sim,NOVA PETROPOLIS,SECRETARIA MUNICIPAL DE SAUDE DE NOVA PETROPOLIS/RS
RS,431330,Sim,NOVA PRATA,SECRETARIA MUNICIPAL DE SAUDE DE NOVA PRATA/RS
RS,431333,Sim,NOVA RAMADA,SECRETARIA MUNICIPAL DE SAUDE DE NOVA RAMADA/RS
RS,431335,Sim,NOVA ROMA DO SUL,SECRETARIA MUNICIPAL DE SAUDE DE NOVA ROMA DO SUL/RS
RS,431337,Sim,NOVA SANTA RITA,SECRETARIA MUNICIPAL DE SAUDE DE NOVA SANTA RITA/RS
RS,431339,Sim,NOVO CABRAIS,SECRETARIA MUNICIPAL DE SAUDE DE NOVO CABRAIS/RS
RS,431340,Sim,NOVO HAMBURGO,SECRETARIA MUNICIPAL DE SAUDE DE NOVO HAMBURGO/RS
RS,431342,Sim,NOVO MACHADO,SECRETARIA MUNICIPAL DE SAUDE DE NOVO MACHADO/RS
RS,431344,Sim,NOVO TIRADENTES,SECRETARIA MUNICIPAL DE SAUDE DE NOVO TIRADENTES/RS
RS,431346,Sim,NOVO XINGU,SECRETARIA MUNICIPAL DE SAUDE DE NOVO XINGU/RS
RS,431349,Sim,NOVO BARREIRO,SECRETARIA MUNICIPAL DE SAUDE DE NOVO BARREIRO/RS
RS,431350,Sim,OSORIO,SECRETARIA MUNICIPAL DE SAUDE DE OSORIO/RS
RS,431360,Sim,PAIM FILHO,SECRETARIA MUNICIPAL DE SAUDE DE PAIM FILHO/RS
RS,431365,Sim,PALMARES DO SUL,SECRETARIA MUNICIPAL DE SAUDE DE PALMARES DO SUL/RS
RS,431370,Sim,PALMEIRA DAS MISSOES,SECRETARIA MUNICIPAL DE SAUDE DE PALMEIRA DAS MISSOES/RS
RS,431380,Sim,PALMITINHO,SECRETARIA MUNICIPAL DE SAUDE DE PALMITINHO/RS
RS,431390,Sim,PANAMBI,SECRETARIA MUNICIPAL DE SAUDE DE PANAMBI/RS
RS,431395,Sim,PANTANO GRANDE,SECRETARIA MUNICIPAL DE SAUDE DE PANTANO GRANDE/RS
RS,431400,Sim,PARAI,SECRETARIA MUNICIPAL DE SAUDE DE PARAI/RS
RS,431402,Sim,PARAISO DO SUL,SECRETARIA MUNICIPAL DE SAUDE DE PARAISO DO SUL/RS
RS,431403,Sim,PARECI NOVO,SECRETARIA MUNICIPAL DE SAUDE DE PARECI NOVO/RS
RS,431405,Sim,PAROBE,SECRETARIA MUNICIPAL DE SAUDE DE PAROBE/RS
RS,431406,Sim,PASSA SETE,SECRETARIA MUNICIPAL DE SAUDE DE PASSA SETE/RS
RS,431407,Sim,PASSO DO SOBRADO,SECRETARIA MUNICIPAL DE SAUDE DE PASSO DO SOBRADO/RS
RS,431410,Sim,PASSO FUNDO,SECRETARIA MUNICIPAL DE SAUDE DE PASSO FUNDO/RS
RS,431413,Não,PAULO BENTO,
RS,431415,Sim,PAVERAMA,SECRETARIA MUNICIPAL DE SAUDE DE PAVERAMA/RS
RS,431417,Sim,PEDRAS ALTAS,SECRETARIA MUNICIPAL DE SAUDE DE PEDRAS ALTAS/RS
RS,431420,Sim,PEDRO OSORIO,SECRETARIA MUNICIPAL DE SAUDE DE PEDRO OSORIO/RS
RS,431430,Sim,PEJUCARA,SECRETARIA MUNICIPAL DE SAUDE DE PEJUCARA/RS
RS,431440,Sim,PELOTAS,SECRETARIA MUNICIPAL DE SAUDE DE PELOTAS/RS
RS,431442,Sim,PICADA CAFE,SECRETARIA MUNICIPAL DE SAUDE DE PICADA CAFE/RS
RS,431445,Sim,PINHAL,SECRETARIA MUNICIPAL DE SAUDE DE PINHAL/RS
RS,431446,Sim,PINHAL DA SERRA,SECRETARIA MUNICIPAL DE SAUDE DE PINHAL DA SERRA/RS
RS,431447,Sim,PINHAL GRANDE,SECRETARIA MUNICIPAL DE SAUDE DE PINHAL GRANDE/RS
RS,431449,Sim,PINHEIRINHO DO VALE,SECRETARIA MUNICIPAL DE SAUDE DE PINHEIRINHO DO VALE/RS
RS,431450,Sim,PINHEIRO MACHADO,SECRETARIA MUNICIPAL DE SAUDE DE PINHEIRO MACHADO/RS
RS,431453,Sim,PINTO BANDEIRA (EXTINTO),SECRETARIA MUNICIPAL DE SAUDE DE PINTO BANDEIRA/RS
RS,431454,Não,PINTO BANDEIRA,
RS,431455,Sim,PIRAPO,SECRETARIA MUNICIPAL DE SAUDE DE PIRAPO/RS
RS,431460,Não,PIRATINI,
RS,431470,Sim,PLANALTO,SECRETARIA MUNICIPAL DE SAUDE DE PLANALTO/RS
RS,431475,Sim,POCO DAS ANTAS,SECRETARIA MUNICIPAL DE SAUDE DE POCO DAS ANTAS/RS
RS,431477,Não,PONTÃO,
RS,431478,Sim,PONTE PRETA,SECRETARIA MUNICIPAL DE SAUDE DE PONTE PRETA/RS
RS,431480,Sim,PORTAO,SECRETARIA MUNICIPAL DE SAUDE DE PORTAO/RS
RS,431490,Sim,PORTO ALEGRE,SECRETARIA MUNICIPAL DE SAUDE DE PORTO ALEGRE/RS
RS,431500,Sim,PORTO LUCENA,SECRETARIA MUNICIPAL DE SAUDE DE PORTO LUCENA/RS
RS,431505,Sim,PORTO MAUA,SECRETARIA MUNICIPAL DE SAUDE DE PORTO MAUA/RS
RS,431507,Sim,PORTO VERA CRUZ,SECRETARIA MUNICIPAL DE SAUDE DE PORTO VERA CRUZ/RS
RS,431510,Sim,PORTO XAVIER,SECRETARIA MUNICIPAL DE SAUDE DE PORTO XAVIER/RS
RS,431513,Sim,POUSO NOVO,SECRETARIA MUNICIPAL DE SAUDE DE POUSO NOVO/RS
RS,431514,Sim,PRESIDENTE LUCENA,SECRETARIA MUNICIPAL DE SAUDE DE PRESIDENTE LUCENA/RS
RS,431515,Sim,PROGRESSO,SECRETARIA MUNICIPAL DE SAUDE DE PROGRESSO/RS
RS,431517,Sim,PROTASIO ALVES,SECRETARIA MUNICIPAL DE SAUDE DE PROTASIO ALVES/RS
RS,431520,Sim,PUTINGA,SECRETARIA MUNICIPAL DE SAUDE DE PUTINGA/RS
RS,431530,Não,QUARAÍ,
RS,431531,Sim,QUATRO IRMAOS,SECRETARIA MUNICIPAL DE SAUDE DE QUATRO IRMAOS/RS
RS,431532,Sim,QUEVEDOS,SECRETARIA MUNICIPAL DE SAUDE DE QUEVEDOS/RS
RS,431535,Sim,QUINZE DE NOVEMBRO,SECRETARIA MUNICIPAL DE SAUDE DE QUINZE DE NOVEMBRO/RS
RS,431540,Sim,REDENTORA,SECRETARIA MUNICIPAL DE SAUDE DE REDENTORA/RS
RS,431545,Sim,RELVADO,SECRETARIA MUNICIPAL DE SAUDE DE RELVADO/RS
RS,431550,Sim,RESTINGA SECA,SECRETARIA MUNICIPAL DE SAUDE DE RESTINGA SECA/RS
RS,431555,Sim,RIO DOS INDIOS,SECRETARIA MUNICIPAL DE SAUDE DE RIO DOS INDIOS/RS
RS,431560,Sim,RIO GRANDE,SECRETARIA MUNICIPAL DE SAUDE DE RIO GRANDE/RS
RS,431570,Sim,RIO PARDO,SECRETARIA MUNICIPAL DE SAUDE DE RIO PARDO/RS
RS,431575,Sim,RIOZINHO,SECRETARIA MUNICIPAL DE SAUDE DE RIOZINHO/RS
RS,431580,Sim,ROCA SALES,SECRETARIA MUNICIPAL DE SAUDE DE ROCA SALES/RS
RS,431590,Sim,RODEIO BONITO,SECRETARIA MUNICIPAL DE SAUDE DE RODEIO BONITO/RS
RS,431595,Sim,ROLADOR,SECRETARIA MUNICIPAL DE SAUDE DE ROLADOR/RS
RS,431600,Sim,ROLANTE,SECRETARIA MUNICIPAL DE SAUDE DE ROLANTE/RS
RS,431610,Sim,RONDA ALTA,SECRETARIA MUNICIPAL DE SAUDE DE RONDA ALTA/RS
RS,431620,Não,RONDINHA,
RS,431630,Sim,ROQUE GONZALES,SECRETARIA MUNICIPAL DE SAUDE DE ROQUE GONZALES/RS
RS,431640,Não,ROSÁRIO DO SUL,
RS,431642,Sim,SAGRADA FAMILIA,SECRETARIA MUNICIPAL DE SAUDE DE SAGRADA FAMILIA/RS
RS,431643,Sim,SALDANHA MARINHO,SECRETARIA MUNICIPAL DE SAUDE DE SALDANHA MARINHO/RS
RS,431645,Sim,SALTO DO JACUI,SECRETARIA MUNICIPAL DE SAUDE DE SALTO DO JACUI/RS
RS,431647,Sim,SALVADOR DAS MISSOES,SECRETARIA MUNICIPAL DE SAUDE DE SALVADOR DAS MISSOES/RS
RS,431650,Sim,SALVADOR DO SUL,SECRETARIA MUNICIPAL DE SAUDE DE SALVADOR DO SUL/RS
RS,431660,Sim,SANANDUVA,SECRETARIA MUNICIPAL DE SAUDE DE SANANDUVA/RS
RS,431670,Sim,SANTA BARBARA DO SUL,SECRETARIA MUNICIPAL DE SAUDE DE SANTA BARBARA DO SUL/RS
RS,431673,Sim,SANTA CECILIA DO SUL,SECRETARIA MUNICIPAL DE SAUDE DE SANTA CECILIA DO SUL/RS
RS,431675,Sim,SANTA CLARA DO SUL,SECRETARIA MUNICIPAL DE SAUDE DE SANTA CLARA DO SUL/RS
RS,431680,Sim,SANTA CRUZ DO SUL,SECRETARIA MUNICIPAL DE SAUDE DE SANTA CRUZ DO SUL/RS
RS,431690,Sim,SANTA MARIA,SECRETARIA MUNICIPAL DE SAUDE DE SANTA MARIA/RS
RS,431695,Não,SANTA MARIA DO HERVAL,
RS,431697,Não,SANTA MARGARIDA DO SUL,
RS,431700,Não,SANTANA DA BOA VISTA,
RS,431710,Não,SANT'ANA DO LIVRAMENTO,
RS,431720,Sim,SANTA ROSA,SECRETARIA MUNICIPAL DE SAUDE DE SANTA ROSA/RS
RS,431725,Sim,SANTA TEREZA,SECRETARIA MUNICIPAL DE SAUDE DE SANTA TEREZA/RS
RS,431730,Sim,SANTA VITORIA DO PALMAR,SECRETARIA MUNICIPAL DE SAUDE DE SANTA VITORIA DO PALMAR/RS
RS,431740,Sim,SANTIAGO,SECRETARIA MUNICIPAL DE SAUDE DE SANTIAGO/RS
RS,431750,Sim,SANTO ANGELO,SECRETARIA MUNICIPAL DE SAUDE DE SANTO ANGELO/RS
RS,431755,Sim,SANTO ANTONIO DO PALMA,SECRETARIA MUNICIPAL DE SAUDE DE SANTO ANTONIO DO PALMA/RS
RS,431760,Sim,SANTO ANTONIO DA PATRULHA,SECRETARIA MUNICIPAL DE SAUDE DE SANTO ANTONIO DA PATRULHA/RS
RS,431770,Sim,SANTO ANTONIO DAS MISSOES,SECRETARIA MUNICIPAL DE SAUDE DE SANTO ANTONIO DAS MISSOES/RS
RS,431775,Sim,SANTO ANTONIO DO PLANALTO,SECRETARIA MUNICIPAL DE SAUDE DE SANTO ANTONIO DO PLANALTO/RS
RS,431780,Sim,SANTO AUGUSTO,SECRETARIA MUNICIPAL DE SAUDE DE SANTO AUGUSTO/RS
RS,431790,Sim,SANTO CRISTO,SECRETARIA MUNICIPAL DE SAUDE DE SANTO CRISTO/RS
RS,431795,Sim,SANTO EXPEDITO DO SUL,SECRETARIA MUNICIPAL DE SAUDE DE SANTO EXPEDITO DO SUL/RS
RS,431800,Sim,SAO BORJA,SECRETARIA MUNICIPAL DE SAUDE DE SAO BORJA/RS
RS,431805,Sim,SAO DOMINGOS DO SUL,SECRETARIA MUNICIPAL DE SAUDE DE SAO DOMINGOS DO SUL/RS
RS,431810,Sim,SAO FRANCISCO DE ASSIS,SECRETARIA MUNICIPAL DE SAUDE DE SAO FRANCISCO DE ASSIS/RS
RS,431820,Sim,SAO FRANCISCO DE PAULA,SECRETARIA MUNICIPAL DE SAUDE DE SAO FRANCISCO DE PAULA/RS
RS,431830,Não,SÃO GABRIEL,
RS,431840,Sim,SAO JERONIMO,SECRETARIA MUNICIPAL DE SAUDE DE SAO JERONIMO/RS
RS,431842,Sim,SAO JOAO DA URTIGA,SECRETARIA MUNICIPAL DE SAUDE DE SAO JOAO DA URTIGA/RS
RS,431843,Sim,SAO JOAO DO POLESINE,SECRETARIA MUNICIPAL DE SAUDE DE SAO JOAO DO POLESINE/RS
RS,431844,Sim,SAO JORGE,SECRETARIA MUNICIPAL DE SAUDE DE SAO JORGE/RS
RS,431845,Sim,SAO JOSE DAS MISSOES,SECRETARIA MUNICIPAL DE SAUDE DE SAO JOSE DAS MISSOES/RS
RS,431846,Sim,SAO JOSE DO HERVAL,SECRETARIA MUNICIPAL DE SAUDE DE SAO JOSE DO HERVAL/RS
RS,431848,Sim,SAO JOSE DO HORTENCIO,SECRETARIA MUNICIPAL DE SAUDE DE SAO JOSE DO HORTENCIO/RS
RS,431849,Sim,SAO JOSE DO INHACORA,SECRETARIA MUNICIPAL DE SAUDE DE SAO JOSE DO INHACORA/RS
RS,431850,Sim,SAO JOSE DO NORTE,SECRETARIA MUNICIPAL DE SAUDE DE SAO JOSE DO NORTE/RS
RS,431860,Sim,SAO JOSE DO OURO,SECRETARIA MUNICIPAL DE SAUDE DE SAO JOSE DO OURO/RS
RS,431861,Sim,SAO JOSE DO SUL,SECRETARIA MUNICIPAL DE SAUDE DE SAO JOSE DO SUL/RS
RS,431862,Sim,SAO JOSE DOS AUSENTES,SECRETARIA MUNICIPAL DE SAUDE DE SAO JOSE DOS AUSENTES/RS
RS,431870,Sim,SAO LEOPOLDO,SECRETARIA MUNICIPAL DE SAUDE DE SAO LEOPOLDO/RS
RS,431880,Sim,SAO LOURENCO DO SUL,SECRETARIA MUNICIPAL DE SAUDE DE SAO LOURENCO DO SUL/RS
RS,431890,Sim,SAO LUIZ GONZAGA,SECRETARIA MUNICIPAL DE SAUDE DE SAO LUIZ GONZAGA/RS
RS,431900,Sim,SAO MARCOS,SECRETARIA MUNICIPAL DE SAUDE DE SAO MARCOS/RS
RS,431910,Sim,SAO MARTINHO,SECRETARIA MUNICIPAL DE SAUDE DE SAO MARTINHO/RS
RS,431912,Não,SÃO MARTINHO DA SERRA,
RS,431915,Sim,SAO MIGUEL DAS MISSOES,SECRETARIA MUNICIPAL DE SAUDE DE SAO MIGUEL DAS MISSOES/RS
RS,431920,Sim,SAO NICOLAU,SECRETARIA MUNICIPAL DE SAUDE DE SAO NICOLAU/RS
RS,431930,Sim,SAO PAULO DAS MISSOES,SECRETARIA MUNICIPAL DE SAUDE DE SAO PAULO DAS MISSOES/RS
RS,431935,Sim,SAO PEDRO DA SERRA,SECRETARIA MUNICIPAL DE SAUDE DE SAO PEDRO DA SERRA/RS
RS,431936,Sim,SAO PEDRO DAS MISSOES,SECRETARIA MUNICIPAL DE SAUDE DE SAO PEDRO DAS MISSOES/RS
RS,431937,Sim,SAO PEDRO DO BUTIA,SECRETARIA MUNICIPAL DE SAUDE DE SAO PEDRO DO BUTIA/RS
RS,431940,Sim,SAO PEDRO DO SUL,SECRETARIA MUNICIPAL DE SAUDE DE SAO PEDRO DO SUL/RS
RS,431950,Sim,SAO SEBASTIAO DO CAI,SECRETARIA MUNICIPAL DE SAUDE DE SAO SEBASTIAO DO CAI/RS
RS,431960,Sim,SAO SEPE,SECRETARIA MUNICIPAL DE SAUDE DE SAO SEPE/RS
RS,431970,Sim,SAO VALENTIM,SECRETARIA MUNICIPAL DE SAUDE DE SAO VALENTIM/RS
RS,431971,Sim,SAO VALENTIM DO SUL,SECRETARIA MUNICIPAL DE SAUDE DE SAO VALENTIM DO SUL/RS
RS,431973,Sim,SAO VALERIO DO SUL,SECRETARIA MUNICIPAL DE SAUDE DE SAO VALERIO DO SUL/RS
RS,431975,Sim,SAO VENDELINO,SECRETARIA MUNICIPAL DE SAUDE DE SAO VENDELINO/RS
RS,431980,Não,SÃO VICENTE DO SUL,
RS,431990,Sim,SAPIRANGA,SECRETARIA MUNICIPAL DE SAUDE DE SAPIRANGA/RS
RS,432000,Sim,SAPUCAIA DO SUL,SECRETARIA MUNICIPAL DE SAUDE DE SAPUCAIA DO SUL/RS
RS,432010,Sim,SARANDI,SECRETARIA MUNICIPAL DE SAUDE DE SARANDI/RS
RS,432020,Sim,SEBERI,SECRETARIA MUNICIPAL DE SAUDE DE SEBERI/RS
RS,432023,Sim,SEDE NOVA,SECRETARIA MUNICIPAL DE SAUDE DE SEDE NOVA/RS
RS,432026,Sim,SEGREDO,SECRETARIA MUNICIPAL DE SAUDE DE SEGREDO/RS
RS,432030,Sim,SELBACH,SECRETARIA MUNICIPAL DE SAUDE DE SELBACH/RS
RS,432032,Sim,SENADOR SALGADO FILHO,SECRETARIA MUNICIPAL DE SAUDE DE SENADOR SALGADO FILHO/RS
RS,432035,Sim,SENTINELA DO SUL,SECRETARIA MUNICIPAL DE SAUDE DE SENTINELA DO SUL/RS
RS,432040,Sim,SERAFINA CORREA,SECRETARIA MUNICIPAL DE SAUDE DE SERAFINA CORREA/RS
RS,432045,Sim,SERIO,SECRETARIA MUNICIPAL DE SAUDE DE SERIO/RS
RS,432050,Sim,SERTAO,SECRETARIA MUNICIPAL DE SAUDE DE SERTAO/RS
RS,432055,Sim,SERTAO SANTANA,SECRETARIA MUNICIPAL DE SAUDE DE SERTAO SANTANA/RS
RS,432057,Sim,SETE DE SETEMBRO,SECRETARIA MUNICIPAL DE SAUDE DE SETE DE SETEMBRO/RS
RS,432060,Sim,SEVERIANO DE ALMEIDA,SECRETARIA MUNICIPAL DE SAUDE DE SEVERIANO DE ALMEIDA/RS
RS,432065,Sim,SILVEIRA MARTINS,SECRETARIA MUNICIPAL DE SAUDE DE SILVEIRA MARTINS/RS
RS,432067,Sim,SINIMBU,SECRETARIA MUNICIPAL DE SAUDE DE SINIMBU/RS
RS,432070,Sim,SOBRADINHO,SECRETARIA MUNICIPAL DE SAUDE DE SOBRADINHO/RS
RS,432080,Sim,SOLEDADE,SECRETARIA MUNICIPAL DE SAUDE DE SOLEDADE/RS
RS,432085,Sim,TABAI,SECRETARIA MUNICIPAL DE SAUDE DE TABAI/RS
RS,432090,Sim,TAPEJARA,SECRETARIA MUNICIPAL DE SAUDE DE TAPEJARA/RS
RS,432100,Sim,TAPERA,SECRETARIA MUNICIPAL DE SAUDE DE TAPERA/RS
RS,432110,Sim,TAPES,SECRETARIA MUNICIPAL DE SAUDE DE TAPES/RS
RS,432120,Sim,TAQUARA,SECRETARIA MUNICIPAL DE SAUDE DE TAQUARA/RS
RS,432130,Sim,TAQUARI,SECRETARIA MUNICIPAL DE SAUDE DE TAQUARI/RS
RS,432132,Sim,TAQUARUCU DO SUL,SECRETARIA MUNICIPAL DE SAUDE DE TAQUARUCU DO SUL/RS
RS,432135,Sim,TAVARES,SECRETARIA MUNICIPAL DE SAUDE DE TAVARES/RS
RS,432140,Sim,TENENTE PORTELA,SECRETARIA MUNICIPAL DE SAUDE DE TENENTE PORTELA/RS
RS,432143,Sim,TERRA DE AREIA,SECRETARIA MUNICIPAL DE SAUDE DE TERRA DE AREIA/RS
RS,432145,Sim,TEUTONIA,SECRETARIA MUNICIPAL DE SAUDE DE TEUTONIA/RS
RS,432146,Sim,TIO HUGO,SECRETARIA MUNICIPAL DE SAUDE DE TIO HUGO/RS
RS,432147,Sim,TIRADENTES DO SUL,SECRETARIA MUNICIPAL DE SAUDE DE TIRADENTES DO SUL/RS
RS,432149,Sim,TOROPI,SECRETARIA MUNICIPAL DE SAUDE DE TOROPI/RS
RS,432150,Sim,TORRES,SECRETARIA MUNICIPAL DE SAUDE DE TORRES/RS
RS,432160,Sim,TRAMANDAI,SECRETARIA MUNICIPAL DE SAUDE DE TRAMANDAI/RS
RS,432162,Sim,TRAVESSEIRO,SECRETARIA MUNICIPAL DE SAUDE DE TRAVESSEIRO/RS
RS,432163,Sim,TRES ARROIOS,SECRETARIA MUNICIPAL DE SAUDE DE TRES ARROIOS/RS
RS,432166,Sim,TRES CACHOEIRAS,SECRETARIA MUNICIPAL DE SAUDE DE TRES CACHOEIRAS/RS
RS,432170,Sim,TRES COROAS,SECRETARIA MUNICIPAL DE SAUDE DE TRES COROAS/RS
RS,432180,Sim,TRES DE MAIO,SECRETARIA MUNICIPAL DE SAUDE DE TRES DE MAIO/RS
RS,432183,Sim,TRES FORQUILHAS,SECRETARIA MUNICIPAL DE SAUDE DE TRES FORQUILHAS/RS
RS,432185,Sim,TRES PALMEIRAS,SECRETARIA MUNICIPAL DE SAUDE DE TRES PALMEIRAS/RS
RS,432190,Sim,TRES PASSOS,SECRETARIA MUNICIPAL DE SAUDE DE TRES PASSOS/RS
RS,432195,Sim,TRINDADE DO SUL,SECRETARIA MUNICIPAL DE SAUDE DE TRINDADE DO SUL/RS
RS,432200,Sim,TRIUNFO,SECRETARIA MUNICIPAL DE SAUDE DE TRIUNFO/RS
RS,432210,Sim,TUCUNDUVA,SECRETARIA MUNICIPAL DE SAUDE DE TUCUNDUVA/RS
RS,432215,Sim,TUNAS,SECRETARIA MUNICIPAL DE SAUDE DE TUNAS/RS
RS,432218,Sim,TUPANCI DO SUL,SECRETARIA MUNICIPAL DE SAUDE DE TUPANCI DO SUL/RS
RS,432220,Sim,TUPANCIRETA,SECRETARIA MUNICIPAL DE SAUDE DE TUPANCIRETA/RS
RS,432225,Sim,TUPANDI,SECRETARIA MUNICIPAL DE SAUDE DE TUPANDI/RS
RS,432230,Sim,TUPARENDI,SECRETARIA MUNICIPAL DE SAUDE DE TUPARENDI/RS
RS,432232,Sim,TURUCU,SECRETARIA MUNICIPAL DE SAUDE DE TURUCU/RS
RS,432234,Sim,UBIRETAMA,SECRETARIA MUNICIPAL DE SAUDE DE UBIRETAMA/RS
RS,432235,Sim,UNIAO DA SERRA,SECRETARIA MUNICIPAL DE SAUDE DE UNIAO DA SERRA/RS
RS,432237,Sim,UNISTALDA,SECRETARIA MUNICIPAL DE SAUDE DE UNISTALDA/RS 
RS,432240,Não,URUGUAIANA,
RS,432250,Sim,VACARIA,SECRETARIA MUNICIPAL DE SAUDE DE VACARIA/RS
RS,432252,Sim,VALE VERDE,SECRETARIA MUNICIPAL DE SAUDE DE VALE VERDE/RS
RS,432253,Sim,VALE DO SOL,SECRETARIA MUNICIPAL DE SAUDE DE VALE DO SOL/RS
RS,432254,Sim,VALE REAL,SECRETARIA MUNICIPAL DE SAUDE DE VALE REAL/RS
RS,432255,Sim,VANINI,SECRETARIA MUNICIPAL DE SAUDE DE VANINI/RS
RS,432260,Sim,VENANCIO AIRES,SECRETARIA MUNICIPAL DE SAUDE DE VENANCIO AIRES/RS
RS,432270,Sim,VERA CRUZ,SECRETARIA MUNICIPAL DE SAUDE DE VERA CRUZ/RS
RS,432280,Sim,VERANOPOLIS,SECRETARIA MUNICIPAL DE SAUDE DE VERANOPOLIS/RS
RS,432285,Sim,VESPASIANO CORREA,SECRETARIA MUNICIPAL DE SAUDE DE VESPASIANO CORREA/RS
RS,432290,Sim,VIADUTOS,SECRETARIA MUNICIPAL DE SAUDE DE VIADUTOS/RS
RS,432300,Sim,VIAMAO,SECRETARIA MUNICIPAL DE SAUDE DE VIAMAO/RS
RS,432310,Sim,VICENTE DUTRA,SECRETARIA MUNICIPAL DE SAUDE DE VICENTE DUTRA/RS
RS,432320,Sim,VICTOR GRAEFF,SECRETARIA MUNICIPAL DE SAUDE DE VICTOR GRAEFF/RS
RS,432330,Sim,VILA FLORES,SECRETARIA MUNICIPAL DE SAUDE DE VILA FLORES/RS 
RS,432335,Sim,VILA LANGARO,SECRETARIA MUNICIPAL DE SAUDE DE VILA LANGARO/RS
RS,432340,Sim,VILA MARIA,SECRETARIA MUNICIPAL DE SAUDE DE VILA MARIA/RS
RS,432345,Sim,VILA NOVA DO SUL,SECRETARIA MUNICIPAL DE SAUDE DE VILA NOVA DO SUL/RS
RS,432350,Sim,VISTA ALEGRE,SECRETARIA MUNICIPAL DE SAUDE DE VISTA ALEGRE/RS
RS,432360,Sim,VISTA ALEGRE DO PRATA,SECRETARIA MUNICIPAL DE SAUDE DE VISTA ALEGRE DO PRATA/RS
RS,432370,Sim,VISTA GAUCHA,SECRETARIA MUNICIPAL DE SAUDE DE VISTA GAUCHA/RS
RS,432375,Sim,VITORIA DAS MISSOES,SECRETARIA MUNICIPAL DE SAUDE DE VITORIA DAS MISSOES/RS
RS,432377,Sim,WESTFALIA,SECRETARIA MUNICIPAL DE SAUDE DE WESTFALIA/RS
RS,432380,Sim,XANGRI-LA,SECRETARIA MUNICIPAL DE SAUDE DE XANGRI-LA/RS
SC,420005,Sim,ABDON BATISTA,SECRETARIA MUNICIPAL DE SAUDE DE ABDON BATISTA/SC
SC,420010,Sim,ABELARDO LUZ,SECRETARIA MUNICIPAL DE SAUDE DE ABELARDO LUZ/SC
SC,420020,Sim,AGROLANDIA,SECRETARIA MUNICIPAL DE SAUDE DE AGROLANDIA/SC
SC,420030,Sim,AGRONOMICA,SECRETARIA MUNICIPAL DE SAUDE DE AGRONOMICA/SC
SC,420040,Sim,AGUA DOCE,SECRETARIA MUNICIPAL DE SAUDE DE AGUA DOCE/SC
SC,420050,Sim,AGUAS DE CHAPECO,SECRETARIA MUNICIPAL DE SAUDE DE AGUAS DE CHAPECO/SC
SC,420055,Sim,AGUAS FRIAS,SECRETARIA MUNICIPAL DE SAUDE DE AGUAS FRIAS/SC
SC,420060,Sim,AGUAS MORNAS,SECRETARIA MUNICIPAL DE SAUDE DE AGUAS MORNAS/SC
SC,420070,Sim,ALFREDO WAGNER,SECRETARIA MUNICIPAL DE SAUDE DE ALFREDO WAGNER/SC
SC,420075,Sim,ALTO BELA VISTA,SECRETARIA MUNICIPAL DE SAUDE DE ALTO BELA VISTA/SC
SC,420080,Sim,ANCHIETA,SECRETARIA MUNICIPAL DE SAUDE DE ANCHIETA/SC
SC,420090,Sim,ANGELINA,SECRETARIA MUNICIPAL DE SAUDE DE ANGELINA/SC
SC,420100,Sim,ANITA GARIBALDI,SECRETARIA MUNICIPAL DE SAUDE DE ANITA GARIBALDI/SC
SC,420110,Sim,ANITAPOLIS,SECRETARIA MUNICIPAL DE SAUDE DE ANITAPOLIS/SC
SC,420120,Sim,ANTONIO CARLOS,SECRETARIA MUNICIPAL DE SAUDE DE ANTONIO CARLOS/SC
SC,420125,Sim,APIUNA,SECRETARIA MUNICIPAL DE SAUDE DE APIUNA/SC
SC,420127,Sim,ARABUTA,SECRETARIA MUNICIPAL DE SAUDE DE ARABUTA/SC
SC,420130,Sim,ARAQUARI,SECRETARIA MUNICIPAL DE SAUDE DE ARAQUARI/SC
SC,420140,Sim,ARARANGUA,SECRETARIA MUNICIPAL DE SAUDE DE ARARANGUA/SC
SC,420150,Sim,ARMAZEM,SECRETARIA MUNICIPAL DE SAUDE DE ARMAZEM/SC
SC,420160,Sim,ARROIO TRINTA,SECRETARIA MUNICIPAL DE SAUDE DE ARROIO TRINTA/SC
SC,420165,Sim,ARVOREDO,SECRETARIA MUNICIPAL DE SAUDE DE ARVOREDO/SC
SC,420170,Sim,ASCURRA,SECRETARIA MUNICIPAL DE SAUDE DE ASCURRA/SC
SC,420180,Sim,ATALANTA,SECRETARIA MUNICIPAL DE SAUDE DE ATALANTA/SC
SC,420190,Sim,AURORA,SECRETARIA MUNICIPAL DE SAUDE DE AURORA/SC
SC,420195,Sim,BALNEARIO ARROIO DO SILVA,SECRETARIA MUNICIPAL DE SAUDE DE BALNEARIO ARROIO DO SILVA/SC
SC,420200,Sim,BALNEARIO CAMBORIU,SECRETARIA MUNICIPAL DE SAUDE DE BALNEARIO CAMBORIU/SC
SC,420205,Sim,BALNEARIO BARRA DO SUL,SECRETARIA MUNICIPAL DE SAUDE DE BALNEARIO BARRA DO SUL/SC
SC,420207,Sim,BALNEARIO GAIVOTA,SECRETARIA MUNICIPAL DE SAUDE DE BALNEARIO GAIVOTA/SC
SC,420208,Sim,BANDEIRANTE,SECRETARIA MUNICIPAL DE SAUDE DE BANDEIRANTE/SC
SC,420209,Sim,BARRA BONITA,SECRETARIA MUNICIPAL DE SAUDE DE BARRA BONITA/SC
SC,420210,Sim,BARRA VELHA,SECRETARIA MUNICIPAL DE SAUDE DE BARRA VELHA/SC
SC,420213,Sim,BELA VISTA DO TOLDO,SECRETARIA MUNICIPAL DE SAUDE DE BELA VISTA DO TOLDO/SC
SC,420215,Sim,BELMONTE,SECRETARIA MUNICIPAL DE SAUDE DE BELMONTE/SC
SC,420220,Sim,BENEDITO NOVO,SECRETARIA MUNICIPAL DE SAUDE DE BENEDITO NOVO/SC
SC,420230,Sim,BIGUACU,SECRETARIA MUNICIPAL DE SAUDE DE BIGUACU/SC
SC,420240,Sim,BLUMENAU,SECRETARIA MUNICIPAL DE SAUDE DE BLUMENAU/SC
SC,420243,Não,BOCAINA DO SUL,
SC,420245,Sim,BOMBINHAS,SECRETARIA MUNICIPAL DE SAUDE DE BOMBINHAS/SC
SC,420250,Sim,BOM JARDIM DA SERRA,SECRETARIA MUNICIPAL DE SAUDE DE BOM JARDIM DA SERRA/SC
SC,420253,Sim,BOM JESUS,SECRETARIA MUNICIPAL DE SAUDE DE BOM JESUS/SC
SC,420257,Sim,BOM JESUS DO OESTE,SECRETARIA MUNICIPAL DE SAUDE DE BOM JESUS DO OESTE/SC
SC,420260,Sim,BOM RETIRO,SECRETARIA MUNICIPAL DE SAUDE DE BOM RETIRO/SC
SC,420270,Sim,BOTUVERA,SECRETARIA MUNICIPAL DE SAUDE DE BOTUVERA/SC
SC,420280,Sim,BRACO DO NORTE,SECRETARIA MUNICIPAL DE SAUDE DE BRACO DO NORTE/SC
SC,420285,Sim,BRACO DO TROMBUDO,SECRETARIA MUNICIPAL DE SAUDE DE BRACO DO TROMBUDO/SC
SC,420287,Sim,BRUNOPOLIS,SECRETARIA MUNICIPAL DE SAUDE DE BRUNOPOLIS/SC
SC,420290,Sim,BRUSQUE,SECRETARIA MUNICIPAL DE SAUDE DE BRUSQUE/SC
SC,420300,Sim,CACADOR,SECRETARIA MUNICIPAL DE SAUDE DE CACADOR/SC
SC,420310,Sim,CAIBI,SECRETARIA MUNICIPAL DE SAUDE DE CAIBI/SC
SC,420315,Sim,CALMON,SECRETARIA MUNICIPAL DE SAUDE DE CALMON/SC
SC,420320,Sim,CAMBORIU,SECRETARIA MUNICIPAL DE SAUDE DE CAMBORIU/SC
SC,420325,Sim,CAPAO ALTO,SECRETARIA MUNICIPAL DE SAUDE DE CAPAO ALTO/SC
SC,420330,Sim,CAMPO ALEGRE,SECRETARIA MUNICIPAL DE SAUDE DE CAMPO ALEGRE/SC
SC,420340,Sim,CAMPO BELO DO SUL,SECRETARIA MUNICIPAL DE SAUDE DE CAMPO BELO DO SUL/SC
SC,420350,Sim,CAMPO ERE,SECRETARIA MUNICIPAL DE SAUDE DE CAMPO ERE/SC
SC,420360,Sim,CAMPOS NOVOS,SECRETARIA MUNICIPAL DE SAUDE DE CAMPOS NOVOS/SC
SC,420370,Sim,CANELINHA,SECRETARIA MUNICIPAL DE SAUDE DE CANELINHA/SC
SC,420380,Sim,CANOINHAS,SECRETARIA MUNICIPAL DE SAUDE DE CANOINHAS/SC
SC,420390,Sim,CAPINZAL,SECRETARIA MUNICIPAL DE SAUDE DE CAPINZAL/SC
SC,420395,Sim,CAPIVARI DE BAIXO,SECRETARIA MUNICIPAL DE SAUDE DE CAPIVARI DE BAIXO/SC
SC,420400,Sim,CATANDUVAS,SECRETARIA MUNICIPAL DE SAUDE DE CATANDUVAS/SC
SC,420410,Sim,CAXAMBU DO SUL,SECRETARIA MUNICIPAL DE SAUDE DE CAXAMBU DO SUL/SC
SC,420415,Sim,CELSO RAMOS,SECRETARIA MUNICIPAL DE SAUDE DE CELSO RAMOS/SC
SC,420417,Sim,CERRO NEGRO,SECRETARIA MUNICIPAL DE SAUDE DE CERRO NEGRO/SC
SC,420419,Sim,CHAPADAO DO LAGEADO,SECRETARIA MUNICIPAL DE SAUDE DE CHAPADAO LAGEADO/SC
SC,420420,Sim,CHAPECO,SECRETARIA MUNICIPAL DE SAUDE DE CHAPECO/SC
SC,420425,Sim,COCAL DO SUL,SECRETARIA MUNICIPAL DE SAUDE DE COCAL DO SUL/SC
SC,420430,Sim,CONCORDIA,SECRETARIA MUNICIPAL DE SAUDE DE CONCORDIA/SC
SC,420435,Sim,CORDILHEIRA ALTA,SECRETARIA MUNICIPAL DE SAUDE DE CORDILHEIRA ALTA/SC
SC,420440,Sim,CORONEL FREITAS,SECRETARIA MUNICIPAL DE SAUDE DE CORONEL FREITAS/SC
SC,420445,Sim,CORONEL MARTINS,SECRETARIA MUNICIPAL DE SAUDE DE CORONEL MARTINS/SC
SC,420450,Sim,CORUPA,SECRETARIA MUNICIPAL DE SAUDE DE CORUPA/SC
SC,420455,Sim,CORREIA PINTO,SECRETARIA MUNICIPAL DE SAUDE DE CORREIA PINTO/SC
SC,420460,Sim,CRICIUMA,SECRETARIA MUNICIPAL DE SAUDE DE CRICIUMA/SC
SC,420470,Sim,CUNHA PORA,SECRETARIA MUNICIPAL DE SAUDE DE CUNHA PORA/SC
SC,420475,Sim,CUNHATAI,SECRETARIA MUNICIPAL DE SAUDE DE CUNHATAI/SC
SC,420480,Sim,CURITIBANOS,SECRETARIA MUNICIPAL DE SAUDE DE CURITIBANOS/SC
SC,420490,Sim,DESCANSO,SECRETARIA MUNICIPAL DE SAUDE DE DESCANSO/SC
SC,420500,Sim,DIONISIO CERQUEIRA,SECRETARIA MUNICIPAL DE SAUDE DE DIONISIO CERQUEIRA/SC
SC,420510,Sim,DONA EMMA,SECRETARIA MUNICIPAL DE SAUDE DE DONA EMMA/SC
SC,420515,Sim,DOUTOR PEDRINHO,SECRETARIA MUNICIPAL DE SAUDE DE DOUTOR PEDRINHO/SC
SC,420517,Sim,ENTRE RIOS,SECRETARIA MUNICIPAL DE SAUDE DE ENTRE RIOS/SC
SC,420519,Sim,ERMO,SECRETARIA MUNICIPAL DE SAUDE DE ERMO/SC
SC,420520,Sim,ERVAL VELHO,SECRETARIA MUNICIPAL DE SAUDE DE ERVAL VELHO/SC
SC,420530,Sim,FAXINAL DOS GUEDES,SECRETARIA MUNICIPAL DE SAUDE DE FAXINAL DO GUEDES/SC
SC,420535,Sim,FLOR DO SERTAO,SECRETARIA MUNICIPAL DE SAUDE DE FLOR DO SERTAO/SC
SC,420540,Sim,FLORIANOPOLIS,SECRETARIA MUNICIPAL DE SAUDE DE FLORIANOPOLIS/SC
SC,420543,Sim,FORMOSA DO SUL,SECRETARIA MUNICIPAL DE SAUDE DE FORMOSA DO SUL/SC
SC,420545,Sim,FORQUILHINHA,SECRETARIA MUNICIPAL DE SAUDE DE FORQUILHINHA/SC
SC,420550,Sim,FRAIBURGO,SECRETARIA MUNICIPAL DE SAUDE DE FRAIBURGO/SC
SC,420555,Sim,FREI ROGERIO,SECRETARIA MUNICIPAL DE SAUDE DE FREI ROGERIO/SC
SC,420560,Sim,GALVAO,SECRETARIA MUNICIPAL DE SAUDE DE GALVAO/SC
SC,420570,Sim,GAROPABA,SECRETARIA MUNICIPAL DE SAUDE DE GAROPABA/SC
SC,420580,Sim,GARUVA,SECRETARIA MUNICIPAL DE SAUDE DE GARUVA/SC
SC,420590,Sim,GASPAR,SECRETARIA MUNICIPAL DE SAUDE DE GASPAR/SC
SC,420600,Sim,GOVERNADOR CELSO RAMOS,SECRETARIA MUNICIPAL DE SAUDE DE GOVERNADOR CELSO RAMOS/SC
SC,420610,Sim,GRAO PARA,SECRETARIA MUNICIPAL DE SAUDE DE GRAO PARA/SC
SC,420620,Sim,GRAVATAL,SECRETARIA MUNICIPAL DE SAUDE DE GRAVATAL/SC
SC,420630,Sim,GUABIRUBA,SECRETARIA MUNICIPAL DE SAUDE DE GUABIRUBA/SC
SC,420640,Sim,GUARACIABA,SECRETARIA MUNICIPAL DE SAUDE DE GUARACIABA/SC
SC,420650,Sim,GUARAMIRIM,SECRETARIA MUNICIPAL DE SAUDE DE GUARAMIRIM/SC
SC,420660,Sim,GUARUJA DO SUL,SECRETARIA MUNICIPAL DE SAUDE DE GUARUJA DO SUL/SC
SC,420665,Sim,GUATAMBU,SECRETARIA MUNICIPAL DE SAUDE DE GUATAMBU/SC
SC,420670,Sim,HERVAL D'OESTE,SECRETARIA MUNICIPAL DE SAUDE DE HERVAL DOESTE/SC
SC,420675,Sim,IBIAM,SECRETARIA MUNICIPAL DE SAUDE DE IBIAM/SC
SC,420680,Sim,IBICARE,SECRETARIA MUNICIPAL DE SAUDE DE IBICARE/SC
SC,420690,Sim,IBIRAMA,SECRETARIA MUNICIPAL DE SAUDE DE IBIRAMA/SC
SC,420700,Sim,ICARA,SECRETARIA MUNICIPAL DE SAUDE DE ICARA/SC
SC,420710,Sim,ILHOTA,SECRETARIA MUNICIPAL DE SAUDE DE ILHOTA/SC
SC,420720,Sim,IMARUI,SECRETARIA MUNICIPAL DE SAUDE DE IMARUI/SC
SC,420730,Sim,IMBITUBA,SECRETARIA MUNICIPAL DE SAUDE DE IMBITUBA/SC
SC,420740,Sim,IMBUIA,SECRETARIA MUNICIPAL DE SAUDE DE IMBUIA/SC
SC,420750,Sim,INDAIAL,SECRETARIA MUNICIPAL DE SAUDE DE INDAIAL/SC
SC,420757,Sim,IOMERE,SECRETARIA MUNICIPAL DE SAUDE DE IOMERE/SC
SC,420760,Sim,IPIRA,SECRETARIA MUNICIPAL DE SAUDE DE IPIRA/SC
SC,420765,Sim,IPORA DO OESTE,SECRETARIA MUNICIPAL DE SAUDE DE IPORA DO OESTE/SC
SC,420768,Sim,IPUACU,SECRETARIA MUNICIPAL DE SAUDE DE IPUACU/SC
SC,420770,Sim,IPUMIRIM,SECRETARIA MUNICIPAL DE SAUDE DE IPUMIRIM/SC
SC,420775,Sim,IRACEMINHA,SECRETARIA MUNICIPAL DE SAUDE DE IRACEMINHA/SC
SC,420780,Sim,IRANI,SECRETARIA MUNICIPAL DE SAUDE DE IRANI/SC
SC,420785,Sim,IRATI,SECRETARIA MUNICIPAL DE SAUDE DE IRATI/SC
SC,420790,Sim,IRINEOPOLIS,SECRETARIA MUNICIPAL DE SAUDE DE IRINEOPOLIS/SC
SC,420800,Sim,ITA,SECRETARIA MUNICIPAL DE SAUDE DE ITA/SC
SC,420810,Sim,ITAIOPOLIS,SECRETARIA MUNICIPAL DE SAUDE DE ITAIOPOLIS/SC
SC,420820,Sim,ITAJAI,SECRETARIA MUNICIPAL DE SAUDE DE ITAJAI/SC
SC,420830,Sim,ITAPEMA,SECRETARIA MUNICIPAL DE SAUDE DE ITAPEMA/SC
SC,420840,Sim,ITAPIRANGA,SECRETARIA MUNICIPAL DE SAUDE DE ITAPIRANGA/SC
SC,420845,Sim,ITAPOA,SECRETARIA MUNICIPAL DE SAUDE DE ITAPOA/SC
SC,420850,Sim,ITUPORANGA,SECRETARIA MUNICIPAL DE SAUDE DE ITUPORANGA/SC
SC,420860,Sim,JABORA,SECRETARIA MUNICIPAL DE SAUDE DE JABORA/SC
SC,420870,Sim,JACINTO MACHADO,SECRETARIA MUNICIPAL DE SAUDE DE JACINTO MACHADO/SC
SC,420880,Sim,JAGUARUNA,SECRETARIA MUNICIPAL DE SAUDE DE JAGUARUNA/SC
SC,420890,Sim,JARAGUA DO SUL,SECRETARIA MUNICIPAL DE SAUDE DE JARAGUA DO SUL/SC
SC,420895,Sim,JARDINOPOLIS,SECRETARIA MUNICIPAL DE SAUDE DE JARDINOPOLIS/SC
SC,420900,Sim,JOACABA,SECRETARIA MUNICIPAL DE SAUDE DE JOACABA/SC
SC,420910,Sim,JOINVILLE,SECRETARIA MUNICIPAL DE SAUDE DE JOINVILLE/SC
SC,420915,Sim,JOSE BOITEUX,SECRETARIA MUNICIPAL DE SAUDE DE JOSE BOITEUX/SC
SC,420917,Sim,JUPIA,SECRETARIA MUNICIPAL DE SAUDE DE JUPIA/SC
SC,420920,Sim,LACERDOPOLIS,SECRETARIA MUNICIPAL DE SAUDE DE LACERDOPOLIS/SC
SC,420930,Sim,LAGES,SECRETARIA MUNICIPAL DE SAUDE DE LAGES/SC
SC,420940,Sim,LAGUNA,SECRETARIA MUNICIPAL DE SAUDE DE LAGUNA/SC
SC,420945,Sim,LAJEADO GRANDE,SECRETARIA MUNICIPAL DE SAUDE DE LAJEADO GRANDE/SC
SC,420950,Sim,LAURENTINO,SECRETARIA MUNICIPAL DE SAUDE DE LAURENTINO/SC
SC,420960,Sim,LAURO MULLER,SECRETARIA MUNICIPAL DE SAUDE DE LAURO MULLER/SC
SC,420970,Sim,LEBON REGIS,SECRETARIA MUNICIPAL DE SAUDE DE LEBON REGIS/SC
SC,420980,Sim,LEOBERTO LEAL,SECRETARIA MUNICIPAL DE SAUDE DE LEOBERTO LEAL/SC
SC,420985,Sim,LINDOIA DO SUL,SECRETARIA MUNICIPAL DE SAUDE DE LINDOIA DO SUL/SC
SC,420990,Sim,LONTRAS,SECRETARIA MUNICIPAL DE SAUDE DE LONTRAS/SC
SC,421000,Sim,LUIZ ALVES,SECRETARIA MUNICIPAL DE SAUDE DE LUIS ALVES/SC
SC,421003,Sim,LUZERNA,SECRETARIA MUNICIPAL DE SAUDE DE LUZERNA/SC
SC,421005,Sim,MACIEIRA,SECRETARIA MUNICIPAL DE SAUDE DE MACIEIRA/SC
SC,421010,Sim,MAFRA,SECRETARIA MUNICIPAL DE SAUDE DE MAFRA/SC
SC,421020,Sim,MAJOR GERCINO,SECRETARIA MUNICIPAL DE SAUDE DE MAJOR GERCINO/SC
SC,421030,Sim,MAJOR VIEIRA,SECRETARIA MUNICIPAL DE SAUDE DE MAJOR VIEIRA/SC
SC,421040,Sim,MARACAJA,SECRETARIA MUNICIPAL DE SAUDE DE MARACAJA/SC
SC,421050,Sim,MARAVILHA,SECRETARIA MUNICIPAL DE SAUDE DE MARAVILHA/SC
SC,421055,Sim,MAREMA,SECRETARIA MUNICIPAL DE SAUDE DE MAREMA/SC
SC,421060,Sim,MASSARANDUBA,SECRETARIA MUNICIPAL DE SAUDE DE MASSARANDUBA/SC
SC,421070,Sim,MATOS COSTA,SECRETARIA MUNICIPAL DE SAUDE DE MATOS COSTA/SC
SC,421080,Sim,MELEIRO,SECRETARIA MUNICIPAL DE SAUDE DE MELEIRO/SC
SC,421085,Sim,MIRIM DOCE,SECRETARIA MUNICIPAL DE SAUDE DE MIRIM DOCE/SC
SC,421090,Sim,MODELO,SECRETARIA MUNICIPAL DE SAUDE DE MODELO/SC
SC,421100,Sim,MONDAI,SECRETARIA MUNICIPAL DE SAUDE DE MONDAI/SC
SC,421105,Sim,MONTE CARLO,SECRETARIA MUNICIPAL DE SAUDE DE MONTE CARLO/SC
SC,421110,Sim,MONTE CASTELO,SECRETARIA MUNICIPAL DE SAUDE DE MONTE CASTELO/SC
SC,421120,Sim,MORRO DA FUMACA,SECRETARIA MUNICIPAL DE SAUDE DE MORRO DA FUMACA/SC
SC,421125,Sim,MORRO GRANDE,SECRETARIA MUNICIPAL DE SAUDE DE MORRO GRANDE/SC
SC,421130,Sim,NAVEGANTES,SECRETARIA MUNICIPAL DE SAUDE DE NAVEGANTES/SC
SC,421140,Sim,NOVA ERECHIM,SECRETARIA MUNICIPAL DE SAUDE DE NOVA ERECHIM/SC
SC,421145,Sim,NOVA ITABERABA,SECRETARIA MUNICIPAL DE SAUDE DE NOVA ITABERABA/SC
SC,421150,Sim,NOVA TRENTO,SECRETARIA MUNICIPAL DE SAUDE DE NOVA TRENTO/SC
SC,421160,Sim,NOVA VENEZA,SECRETARIA MUNICIPAL DE SAUDE DE NOVA VENEZA/SC
SC,421165,Sim,NOVO HORIZONTE,SECRETARIA MUNICIPAL DE SAUDE DE NOVO HORIZONTE/SC
SC,421170,Sim,ORLEANS,SECRETARIA MUNICIPAL DE SAUDE DE ORLEANS/SC
SC,421175,Sim,OTACILIO COSTA,SECRETARIA MUNICIPAL DE SAUDE DE OTACILIO COSTA/SC
SC,421180,Sim,OURO,SECRETARIA MUNICIPAL DE SAUDE DE OURO/SC
SC,421185,Sim,OURO VERDE,SECRETARIA MUNICIPAL DE SAUDE DE OURO VERDE/SC
SC,421187,Sim,PAIAL,SECRETARIA MUNICIPAL DE SAUDE DE PAIAL/SC
SC,421189,Não,PAINEL,
SC,421190,Sim,PALHOCA,SECRETARIA MUNICIPAL DE SAUDE DE PALHOCA/SC
SC,421200,Sim,PALMA SOLA,SECRETARIA MUNICIPAL DE SAUDE DE PALMA SOLA/SC
SC,421205,Sim,PALMEIRA,SECRETARIA MUNICIPAL DE SAUDE DE PALMEIRA/SC
SC,421210,Sim,PALMITOS,SECRETARIA MUNICIPAL DE SAUDE DE PALMITOS/SC
SC,421220,Sim,PAPANDUVA,SECRETARIA MUNICIPAL DE SAUDE DE PAPANDUVA/SC
SC,421223,Sim,PARAISO,SECRETARIA MUNICIPAL DE SAUDE DE PARAISO/SC
SC,421225,Sim,PASSO DE TORRES,SECRETARIA MUNICIPAL DE SAUDE DE PASSO DE TORRES/SC
SC,421227,Sim,PASSOS MAIA,SECRETARIA MUNICIPAL DE SAUDE DE PASSOS MAIA/SC
SC,421230,Sim,PAULO LOPES,SECRETARIA MUNICIPAL DE SAUDE DE PAULO LOPES/SC
SC,421240,Sim,PEDRAS GRANDES,SECRETARIA MUNICIPAL DE SAUDE DE PEDRAS GRANDES/SC
SC,421250,Sim,PENHA,SECRETARIA MUNICIPAL DE SAUDE DE PENHA/SC
SC,421260,Sim,PERITIBA,SECRETARIA MUNICIPAL DE SAUDE DE PERITIBA/SC
SC,421265,Não,PESCARIA BRAVA,
SC,421270,Sim,PETROLANDIA,SECRETARIA MUNICIPAL DE SAUDE DE PETROLANDIA/SC
SC,421280,Sim,BALNEARIO PICARRAS,SECRETARIA MUNICIPAL DE SAUDE DE PICARRAS/SC
SC,421290,Sim,PINHALZINHO,SECRETARIA MUNICIPAL DE SAUDE DE PINHALZINHO/SC
SC,421300,Sim,PINHEIRO PRETO,SECRETARIA MUNICIPAL DE SAUDE DE PINHEIRO PRETO/SC
SC,421310,Sim,PIRATUBA,SECRETARIA MUNICIPAL DE SAUDE DE PIRATUBA/SC
SC,421315,Sim,PLANALTO ALEGRE,SECRETARIA MUNICIPAL DE SAUDE DE PLANALTO ALEGRE/SC
SC,421320,Sim,POMERODE,SECRETARIA MUNICIPAL DE SAUDE DE POMERODE/SC
SC,421330,Sim,PONTE ALTA,SECRETARIA MUNICIPAL DE SAUDE DE PONTE ALTA/SC
SC,421335,Sim,PONTE ALTA DO NORTE,SECRETARIA MUNICIPAL DE SAUDE DE PONTE ALTA NORTE/SC
SC,421340,Sim,PONTE SERRADA,SECRETARIA MUNICIPAL DE SAUDE DE PONTE SERRADA/SC
SC,421350,Sim,PORTO BELO,SECRETARIA MUNICIPAL DE SAUDE DE PORTO BELO/SC
SC,421360,Sim,PORTO UNIAO,SECRETARIA MUNICIPAL DE SAUDE DE PORTO UNIAO/SC
SC,421370,Sim,POUSO REDONDO,SECRETARIA MUNICIPAL DE SAUDE DE POUSO REDONDO/SC
SC,421380,Sim,PRAIA GRANDE,SECRETARIA MUNICIPAL DE SAUDE DE PRAIA GRANDE/SC
SC,421390,Sim,PRESIDENTE CASTELLO BRANCO,SECRETARIA MUNICIPAL DE SAUDE DE PRESIDENTE CASTELO BRANCO/SC
SC,421400,Sim,PRESIDENTE GETULIO,SECRETARIA MUNICIPAL DE SAUDE DE PRESIDENTE GETULIO/SC
SC,421410,Sim,PRESIDENTE NEREU,SECRETARIA MUNICIPAL DE SAUDE DE PRESIDENTE NEREU/SC
SC,421415,Sim,PRINCESA,SECRETARIA MUNICIPAL DE SAUDE DE PRINCESA/SC
SC,421420,Sim,QUILOMBO,SECRETARIA MUNICIPAL DE SAUDE DE QUILOMBO/SC
SC,421430,Sim,RANCHO QUEIMADO,SECRETARIA MUNICIPAL DE SAUDE DE RANCHO QUEIMADO/SC
SC,421440,Sim,RIO DAS ANTAS,SECRETARIA MUNICIPAL DE SAUDE DE RIO DAS ANTAS/SC
SC,421450,Sim,RIO DO CAMPO,SECRETARIA MUNICIPAL DE SAUDE DE RIO DO CAMPO/SC
SC,421460,Sim,RIO DO OESTE,SECRETARIA MUNICIPAL DE SAUDE DE RIO DO OESTE/SC
SC,421470,Sim,RIO DOS CEDROS,SECRETARIA MUNICIPAL DE SAUDE DE RIO DOS CEDROS/SC
SC,421480,Sim,RIO DO SUL,SECRETARIA MUNICIPAL DE SAUDE DE RIO DO SUL/SC
SC,421490,Sim,RIO FORTUNA,SECRETARIA MUNICIPAL DE SAUDE DE RIO FORTUNA/SC
SC,421500,Sim,RIO NEGRINHO,SECRETARIA MUNICIPAL DE SAUDE DE RIO NEGRINHO/SC
SC,421505,Sim,RIO RUFINO,SECRETARIA MUNICIPAL DE SAUDE DE RIO RUFINO/SC
SC,421507,Sim,RIQUEZA,SECRETARIA MUNICIPAL DE SAUDE DE RIQUEZA/SC
SC,421510,Sim,RODEIO,SECRETARIA MUNICIPAL DE SAUDE DE RODEIO/SC
SC,421520,Sim,ROMELANDIA,SECRETARIA MUNICIPAL DE SAUDE DE ROMELANDIA/SC
SC,421530,Sim,SALETE,SECRETARIA MUNICIPAL DE SAUDE DE SALETE/SC
SC,421535,Sim,SALTINHO,SECRETARIA MUNICIPAL DE SAUDE DE SALTINHO/SC
SC,421540,Sim,SALTO VELOSO,SECRETARIA MUNICIPAL DE SAUDE DE SALTO VELOSO/SC
SC,421545,Sim,SANGAO,SECRETARIA MUNICIPAL DE SAUDE DE SANGAO/SC
SC,421550,Sim,SANTA CECILIA,SECRETARIA MUNICIPAL DE SAUDE DE SANTA CECILIA/SC
SC,421555,Sim,SANTA HELENA,SECRETARIA MUNICIPAL DE SAUDE DE SANTA HELENA/SC
SC,421560,Sim,SANTA ROSA DE LIMA,SECRETARIA MUNICIPAL DE SAUDE DE SANTA ROSA DE LIMA/SC
SC,421565,Sim,SANTA ROSA DO SUL,SECRETARIA MUNICIPAL DE SAUDE DE SANTA ROSA DO SUL/SC
SC,421567,Sim,SANTA TEREZINHA,SECRETARIA MUNICIPAL DE SAUDE DE SANTA TEREZINHA/SC
SC,421568,Sim,SANTA TEREZINHA DO PROGRESSO,SECRETARIA MUNICIPAL DE SAUDE DE SANTA TEREZINHA DO PROGRESSO/SC
SC,421569,Sim,SANTIAGO DO SUL,SECRETARIA MUNICIPAL DE SAUDE DE SANTIAGO DO SUL/SC
SC,421570,Sim,SANTO AMARO DA IMPERATRIZ,SECRETARIA MUNICIPAL DE SAUDE DE SANTO AMARO DA IMPERATRIZ/SC
SC,421575,Sim,SAO BERNARDINO,SECRETARIA MUNICIPAL DE SAUDE DE SAO BERNARDINO/SC
SC,421580,Sim,SAO BENTO DO SUL,SECRETARIA MUNICIPAL DE SAUDE DE SAO BENTO DO SUL/SC
SC,421590,Sim,SAO BONIFACIO,SECRETARIA MUNICIPAL DE SAUDE DE SAO BONIFACIO/SC
SC,421600,Sim,SAO CARLOS,SECRETARIA MUNICIPAL DE SAUDE DE SAO CARLOS/SC
SC,421605,Sim,SAO CRISTOVAO DO SUL,SECRETARIA MUNICIPAL DE SAUDE DE SAO CRISTOVAO DO SUL/SC
SC,421610,Sim,SAO DOMINGOS,SECRETARIA MUNICIPAL DE SAUDE DE SAO DOMINGOS/SC
SC,421620,Sim,SAO FRANCISCO DO SUL,SECRETARIA MUNICIPAL DE SAUDE DE SAO FRANCISCO DO SUL/SC
SC,421625,Sim,SAO JOAO DO OESTE,SECRETARIA MUNICIPAL DE SAUDE DE SAO JOAO OESTE/SC
SC,421630,Sim,SAO JOAO BATISTA,SECRETARIA MUNICIPAL DE SAUDE DE SAO JOAO BATISTA/SC
SC,421635,Sim,SAO JOAO DO ITAPERIU,SECRETARIA MUNICIPAL DE SAUDE DE SAO JOAO DO ITAPERIU/SC
SC,421640,Sim,SAO JOAO DO SUL,SECRETARIA MUNICIPAL DE SAUDE DE SAO JOAO DO SUL/SC
SC,421650,Sim,SAO JOAQUIM,SECRETARIA MUNICIPAL DE SAUDE DE SAO JOAQUIM/SC
SC,421660,Sim,SAO JOSE,SECRETARIA MUNICIPAL DE SAUDE DE SAO JOSE/SC
SC,421670,Sim,SAO JOSE DO CEDRO,SECRETARIA MUNICIPAL DE SAUDE DE SAO JOSE DO CEDRO/SC
SC,421680,Sim,SAO JOSE DO CERRITO,SECRETARIA MUNICIPAL DE SAUDE DE SAO JOSE DO CERRITO/SC
SC,421690,Sim,SAO LOURENCO DO OESTE,SECRETARIA MUNICIPAL DE SAUDE DE SAO LOURENCO DO OESTE/SC
SC,421700,Sim,SAO LUDGERO,SECRETARIA MUNICIPAL DE SAUDE DE SAO LUDGERO/SC
SC,421710,Sim,SAO MARTINHO,SECRETARIA MUNICIPAL DE SAUDE DE SAO MARTINHO/SC
SC,421715,Sim,SAO MIGUEL DA BOA VISTA,SECRETARIA MUNICIPAL DE SAUDE DE SAO MIGUEL DA BOA VISTA/SC
SC,421720,Sim,SAO MIGUEL DO OESTE,SECRETARIA MUNICIPAL DE SAUDE DE SAO MIGUEL DO OESTE/SC
SC,421725,Sim,SAO PEDRO DE ALCANTARA,SECRETARIA MUNICIPAL DE SAUDE DE SAO PEDRO DE ALCANTARA/SC
SC,421730,Sim,SAUDADES,SECRETARIA MUNICIPAL DE SAUDE DE SAUDADES/SC
SC,421740,Não,SCHROEDER,
SC,421750,Sim,SEARA,SECRETARIA MUNICIPAL DE SAUDE DE SEARA/SC
SC,421755,Sim,SERRA ALTA,SECRETARIA MUNICIPAL DE SAUDE DE SERRA ALTA/SC
SC,421760,Sim,SIDEROPOLIS,SECRETARIA MUNICIPAL DE SAUDE DE SIDEROPOLIS/SC
SC,421770,Sim,SOMBRIO,SECRETARIA MUNICIPAL DE SAUDE DE SOMBRIO/SC
SC,421775,Sim,SUL BRASIL,SECRETARIA MUNICIPAL DE SAUDE DE SUL BRASIL/SC
SC,421780,Sim,TAIO,SECRETARIA MUNICIPAL DE SAUDE DE TAIO/SC
SC,421790,Sim,TANGARA,SECRETARIA MUNICIPAL DE SAUDE DE TANGARA/SC
SC,421795,Sim,TIGRINHOS,SECRETARIA MUNICIPAL DE SAUDE DE TIGRINHOS/SC
SC,421800,Sim,TIJUCAS,SECRETARIA MUNICIPAL DE SAUDE DE TIJUCAS/SC
SC,421810,Sim,TIMBE DO SUL,SECRETARIA MUNICIPAL DE SAUDE DE TIMBE DO SUL/SC
SC,421820,Sim,TIMBO,SECRETARIA MUNICIPAL DE SAUDE DE TIMBO/SC
SC,421825,Sim,TIMBO GRANDE,SECRETARIA MUNICIPAL DE SAUDE DE TIMBO GRANDE/SC
SC,421830,Sim,TRES BARRAS,SECRETARIA MUNICIPAL DE SAUDE DE TRES BARRAS/SC
SC,421835,Sim,TREVISO,SECRETARIA MUNICIPAL DE SAUDE DE TREVISO/SC
SC,421840,Sim,TREZE DE MAIO,SECRETARIA MUNICIPAL DE SAUDE DE TREZE DE MAIO/SC
SC,421850,Sim,TREZE TILIAS,SECRETARIA MUNICIPAL DE SAUDE DE TREZE TILIAS/SC
SC,421860,Sim,TROMBUDO CENTRAL,SECRETARIA MUNICIPAL DE SAUDE DE TROMBUDO CENTRAL/SC
SC,421870,Sim,TUBARAO,SECRETARIA MUNICIPAL DE SAUDE DE TUBARAO/SC
SC,421875,Sim,TUNAPOLIS,SECRETARIA MUNICIPAL DE SAUDE DE TUNAPOLIS/SC
SC,421880,Sim,TURVO,SECRETARIA MUNICIPAL DE SAUDE DE TURVO/SC
SC,421885,Sim,UNIAO DO OESTE,SECRETARIA MUNICIPAL DE SAUDE DE UNIAO DO OESTE/SC
SC,421890,Sim,URUBICI,SECRETARIA MUNICIPAL DE SAUDE DE URUBICI/SC
SC,421895,Não,URUPEMA,
SC,421900,Sim,URUSSANGA,SECRETARIA MUNICIPAL DE SAUDE DE URUSSANGA/SC
SC,421910,Sim,VARGEAO,SECRETARIA MUNICIPAL DE SAUDE DE VARGEAO/SC
SC,421915,Sim,VARGEM,SECRETARIA MUNICIPAL DE SAUDE DE VARGEM/SC
SC,421917,Sim,VARGEM BONITA,SECRETARIA MUNICIPAL DE SAUDE DE VARGEM BONITA/SC
SC,421920,Sim,VIDAL RAMOS,SECRETARIA MUNICIPAL DE SAUDE DE VIDAL RAMOS/SC
SC,421930,Sim,VIDEIRA,SECRETARIA MUNICIPAL DE SAUDE DE VIDEIRA/SC
SC,421935,Sim,VITOR MEIRELES,SECRETARIA MUNICIPAL DE SAUDE DE VITOR MEIRELES/SC
SC,421940,Sim,WITMARSUM,SECRETARIA MUNICIPAL DE SAUDE DE WITMARSUM/SC
SC,421950,Sim,XANXERE,SECRETARIA MUNICIPAL DE SAUDE DE XANXERE/SC
SC,421960,Sim,XAVANTINA,SECRETARIA MUNICIPAL DE SAUDE DE XAVANTINA/SC
SC,421970,Sim,XAXIM,SECRETARIA MUNICIPAL DE SAUDE DE XAXIM/SC
SC,421985,Sim,ZORTEA,SECRETARIA MUNICIPAL DE SAUDE DE ZORTEA/SC
SC,422000,Não,BALNEÁRIO RINCÃO,
